TS_permutation_entropy_antropy,TS_spectral_entropy_antropy,TS_svd_entropy_antropy,TS_hjorth_mobility_antropy,TS_hjorth_complexity_antropy,TS_petrosian_fd_antropy,TS_higuchi_fd_antropy,TS_detrended_fluctuation_antropy,TS_normalized_permutation_entropy_ordpy,TS_statistical_complexity_entropy_ordpy,TS_fisher_shannon_ordpy,TS_global_node_entropy_ordpy,TS_missing_links_ordpy,TS_renyi_complexity_entropy_short_ordpy,TS_renyi_stat_complexity_short_ordpy,TS_renyi_complexity_entropy_long_ordpy,TS_renyi_stat_complexity_long_ordpy,TS_tsallis_complexity_entropy_long_ordpy,TS_tsallis_stat_complexity_long_ordpy,TS_weighted_permutation_entropy_ordpy,TS_0_Absolute energy,TS_0_Average power,TS_0_Kurtosis,TS_0_Lempel-Ziv complexity,TS_0_Mean,TS_0_Median,TS_0_Skewness,TS_0_Standard deviation,TS_75th_percentile,TS_25th_percentile,FFT_permutation_entropy_antropy,FFT_spectral_entropy_antropy,FFT_svd_entropy_antropy,FFT_hjorth_mobility_antropy,FFT_hjorth_complexity_antropy,FFT_petrosian_fd_antropy,FFT_higuchi_fd_antropy,FFT_detrended_fluctuation_antropy,FFT_normalized_permutation_entropy_ordpy,FFT_statistical_complexity_entropy_ordpy,FFT_fisher_shannon_ordpy,FFT_global_node_entropy_ordpy,FFT_missing_links_ordpy,FFT_renyi_complexity_entropy_short_ordpy,FFT_renyi_stat_complexity_short_ordpy,FFT_renyi_complexity_entropy_long_ordpy,FFT_renyi_stat_complexity_long_ordpy,FFT_tsallis_complexity_entropy_long_ordpy,FFT_tsallis_stat_complexity_long_ordpy,FFT_weighted_permutation_entropy_ordpy,FFT_0_Absolute energy,FFT_0_Average power,FFT_0_Kurtosis,FFT_0_Lempel-Ziv complexity,FFT_0_Mean,FFT_0_Median,FFT_0_Skewness,FFT_0_Standard deviation,FFT_75th_percentile,FFT_25th_percentile,SPEC_permutation_entropy_antropy,SPEC_spectral_entropy_antropy,SPEC_svd_entropy_antropy,SPEC_hjorth_mobility_antropy,SPEC_hjorth_complexity_antropy,SPEC_petrosian_fd_antropy,SPEC_higuchi_fd_antropy,SPEC_detrended_fluctuation_antropy,SPEC_normalized_permutation_entropy_ordpy,SPEC_statistical_complexity_entropy_ordpy,SPEC_fisher_shannon_ordpy,SPEC_global_node_entropy_ordpy,SPEC_missing_links_ordpy,SPEC_renyi_complexity_entropy_short_ordpy,SPEC_renyi_stat_complexity_short_ordpy,SPEC_renyi_complexity_entropy_long_ordpy,SPEC_renyi_stat_complexity_long_ordpy,SPEC_tsallis_complexity_entropy_long_ordpy,SPEC_tsallis_stat_complexity_long_ordpy,SPEC_weighted_permutation_entropy_ordpy,SPEC_0_Absolute energy,SPEC_0_Average power,SPEC_0_Kurtosis,SPEC_0_Lempel-Ziv complexity,SPEC_0_Mean,SPEC_0_Median,SPEC_0_Skewness,SPEC_0_Standard deviation,SPEC_75th_percentile,SPEC_25th_percentile,label,SmallAreaEmphasis,LargeAreaEmphasis,GrayLevelNonUniformityNormalized,SizeZoneNonUniformityNormalized,LargeAreaHighGrayLevelEmphasis,WeightedZoneSizePercentageFeatureValue
0.6816895178285828,0.6340323493084472,0.5975204029194581,0.5157353435489016,1.4021199683876786,1.0097030565568592,1.4560739132131117,0.2859418621250057,0.6816895178285828,0.26324907218189986,0.24807275298674186,0.7659885590348154,0.1875,0.8104019733064068,0.22510275631393514,0.5976749326838595,0.2745560594729522,0.7704107011209145,0.3235408580764747,1.4558281849658394,401.182041011644,0.048335185664053495,10.5648732803033,0.08553186363088784,-0.17438382743575678,-0.17438352049038175,0.16836068822266717,0.13386427297120237,-0.1606274470782928,-0.1879120723540041,0.8357219001366519,0.7915556494702106,0.6637648965218756,0.4429924900146462,2.759930723808758,1.0183732992632524,1.6668142405166786,0.7986541215414399,0.8357219001366519,0.17236986669672044,0.13882641772422902,1.0284920523211896,0.0625,0.9108851803394714,0.12247395012931254,0.7750601875081917,0.20521624299414234,0.8898023873936475,0.20865570384185625,2.408155518579428,0.03350416757904282,2.019539938459483e-05,7.352486354221181,0.0891566265060241,0.0029698658259126806,0.001845440838214639,2.432605633560456,0.003370924273463747,0.0038273030507085934,0.0008368340675806068,0.8200943101974713,0.6977560286152191,0.6475087115112721,0.30843498627134047,4.500025185294646,1.01244192658413,1.4433551020230178,0.9297209222389496,0.8200943101974713,0.24891592911612023,0.20683977754743296,1.1031466468519566,-0.09333333333333334,0.8947749815876375,0.1786774584605543,0.7692224328902816,0.294445369571569,0.925916807711246,0.3177549227220369,3.6824486804110546,3569.623140283529,0.013438277687030238,12.463710393628565,0.015017016022166004,0.043223118817908204,0.003362195818461447,3.5295265413291332,0.10756388379401963,0.022832715321334535,0.0005768059871198594,au_manu_bhz_2023_04_02_18_04_11,0.11375401592475554,108723.9051490515,0.3274726243197391,0.02634381357363709,307125.9430894309,0.04643314325613872
0.6133574322720322,0.5792657823279145,0.6119719742866926,0.4942162144642347,1.2612820619181502,1.0078614407066737,1.4802327822110581,0.2736980828144638,0.6133574322720322,0.2846703446323303,0.2948673276971089,0.6310733292465969,0.3645833333333333,0.7525184039166831,0.26896089696247455,0.5286834610785011,0.281817748513047,0.7140929031908718,0.35222993519418094,1.275568744991625,281.59101344012134,0.0341778144726449,13.3863279494525,0.08191747572815535,-0.12355708675033895,-0.12355757860238553,0.07269257832772304,0.13750386537619802,-0.10853261195552033,-0.1371632551379731,0.7980189753008468,0.718163243024695,0.5808804788986682,0.3141704934017067,3.470411049622297,1.0166984228186404,1.6368040583966392,1.0638119712584662,0.7980189753008466,0.2045193313945125,0.18319852269348386,0.9483976770963982,0.13541666666666666,0.8855567525724336,0.15191614172937828,0.7332566521166425,0.23590377113932484,0.8646180913138856,0.2486508463728333,2.0388974779520854,0.03670853393028825,2.2288120176252732e-05,9.475255713962628,0.08737864077669903,0.0028288701456800737,0.0014060275161147185,2.7456971065361935,0.003777841914422252,0.0035024088800641364,0.0005698303313943045,0.8259369185083638,0.6804577435703607,0.6329973025500025,0.2948175988965129,4.684873795134479,1.012639329576654,1.4604250453074559,0.9053294005377848,0.8259369185083639,0.2448382513832524,0.20269126007120722,1.1384344248494294,-0.1,0.8977724568033588,0.1744713954157107,0.7774336572774175,0.29141528541848144,0.9293140120702638,0.31187574604954965,3.6797414469634466,2790.7307523134473,0.010583818780841277,12.36636319355876,0.015549150485436893,0.03903659331094894,0.0031036706549602048,3.5057208002631133,0.09518362792329896,0.023316970881973608,0.00023445828710182986,av_akrb_bhz_2020_07_22_06_12_44,0.09088281269794364,78679.43661971831,0.3208966474905773,0.028827613568736362,459951.9549295775,0.0456560701820583
0.6857887206825245,0.710854409234021,0.7259599860868573,0.6454175863629125,1.3334548737882548,1.0100383638247024,1.667873641217152,0.231631852009634,0.6857887206825244,0.2675976460496848,0.2589135191766223,0.7576337097206394,0.2916666666666667,0.8033417445146112,0.2327860516563154,0.6082806046007175,0.2799308950294638,0.7785335973354092,0.32760054907530956,1.7291103652554976,83.09621117707351,0.010763757924491388,31.798478377881047,0.08807149332987955,-0.066277567879071,-0.06627742807189951,0.008540884595601216,0.07981007349919396,-0.06387997189628203,-0.06871321448161105,0.735434140038611,0.6332768486083904,0.4227921155029577,0.22590193453195082,5.1536052582109155,1.014889280204782,1.3345537099165325,1.1317943820213723,0.7354341400386109,0.21045144311803093,0.13738864976763907,0.7834896167667621,0.20833333333333334,0.8724307504296809,0.16440594184680415,0.6261762775608414,0.22558462397013124,0.7919333189234032,0.2566305573333179,1.7497946098323642,0.012478671848101693,8.087279227544843e-06,1.502041730876961,0.08484455958549222,0.002205085322675184,0.0016178843608561947,1.383301329465144,0.0017943355517070793,0.002821726607446726,0.0009142000707845208,0.8235600021668479,0.6532755715135904,0.5889305458369574,0.2511618344280671,5.419901089756488,1.0124995292659917,1.4942970722458615,0.9604779771279599,0.8235600021668479,0.2456401858404831,0.20674370160802602,1.12882675340285,-0.09833333333333333,0.8970132699820944,0.17552149862282748,0.7732431795443456,0.29147542899178613,0.9275886424208514,0.31316117825218115,3.7203924156162236,729.1782293846447,0.002951290233919176,14.70675986868838,0.013044780468851186,0.01866216152459593,0.0009951557324005674,3.8298054263209553,0.051019623833262154,0.007940276453954943,9.184512986303817e-05,av_dt1_bhz_2020_07_22_06_12_44,0.16844312971616543,527309.1517509727,0.31005768444639586,0.044921194870474954,1789337.8560311284,0.03192804174677286
0.6227626213655322,0.6235948267764951,0.7208131761427787,0.5470111442110432,1.4600282825818711,1.008101832448846,1.4795844119259423,0.29359410100061045,0.6227626213655322,0.2804268784902248,0.28140497312019597,0.6525845627115047,0.3333333333333333,0.7640484810607698,0.2609569932553042,0.535736152065209,0.2789971723223753,0.7201374267344115,0.3463207812216107,1.6127907833271347,107.51559282543471,0.013890903465818437,17.75435806257145,0.07983464668647462,-0.041346834618335125,-0.041346897880551015,0.13048589059526222,0.11036099072740517,-0.036457048004151504,-0.046020886263202776,0.7783062157293715,0.6707518448196591,0.4851762789377447,0.24833618977957025,4.95229817739874,1.0174972562638738,1.4393323297110463,1.0569623195133366,0.7783062157293714,0.18774035972925074,0.10799886554097148,0.8437598754985002,0.13541666666666666,0.8953846781380621,0.13939292801417724,0.6776088836266219,0.20961415495589664,0.8283894504190858,0.22860888756707184,1.9452557204756018,0.023872805560126352,1.5431677802279477e-05,6.902897767252217,0.07816537467700259,0.0027362475710675438,0.001839339296162905,2.3294060322472414,0.0028168525428208784,0.0033062892512859196,0.0009463015165853137,0.8170043452951476,0.6674975799171649,0.6058395389232349,0.26344324815202236,5.17882612384175,1.0124132661642398,1.4516907934002607,0.947633450738857,0.8170043452951475,0.2519128883370925,0.21727546496682462,1.1049791338816188,-0.10333333333333333,0.8929675548135724,0.1810215692288383,0.7659549872790843,0.2976362774018858,0.9245462958629868,0.3224161338718538,3.5892101404959833,1406.1808853889072,0.005676699401273691,15.18795973907605,0.013499547862033329,0.025503170698316237,0.001120761686701808,3.8789490117864402,0.07089615482574883,0.010187234927829851,8.627497595635102e-05,av_dtn_bhz_2020_07_22_06_12_44,0.1775416629051059,283308.74436090223,0.3705410141896094,0.04881564814291368,1620398.3345864662,0.028232369565860733
0.657773631366618,0.6484139044125498,0.708081266728834,0.5339366555502958,1.4453110999553556,1.009201283836712,1.4896977640651987,0.28600464313941754,0.6577736313666178,0.2759105633094147,0.2761653251920775,0.7103818089087837,0.3125,0.786112142167627,0.24536694576428925,0.577082879335508,0.2829350647922427,0.7542428809984945,0.3397955714993933,1.5621818366301206,182.01525844179204,0.02298172455073132,7.273892804288852,0.08584774649665446,-0.05504440597280115,-0.05504909300542449,-0.05827178493289041,0.14124070431454636,-0.02769180862261933,-0.08180029443884296,0.8612957697819673,0.8214149471698003,0.6685681769860644,0.4611572870964788,2.8915959514814107,1.0200781410682709,1.715770313829685,0.8819626871492158,0.8612957697819673,0.15415974722998552,0.13018252462494773,1.060935169147125,0.09375,0.9243501965605778,0.10559368857553125,0.8114828367165087,0.189430212342869,0.9104218308483887,0.1872722107467894,2.538720129956708,0.03737500929334512,2.361023960413463e-05,8.333150261067727,0.0946969696969697,0.0033501257711123994,0.002218775667366093,2.4950780800078145,0.0035173841796948538,0.004154108625286617,0.0011325607961865868,0.8206207946548997,0.6981282112880035,0.6518355677355079,0.3229271526652543,4.285359186360582,1.012494070042991,1.4664237679516479,0.886064613886429,0.8206207946548997,0.24917050542714503,0.21179308343445688,1.1149961801233115,-0.10333333333333333,0.8948081937734016,0.17857263770233459,0.7706155138714647,0.29522482571038283,0.9264978762539977,0.3182382138954145,3.7387874128154874,4161.853481705771,0.016419446333922897,8.589472297104443,0.01763113874510794,0.05562651721500982,0.007114249037286843,2.950724767509173,0.11543427627141202,0.04473213692212117,0.0006018000298198964,av_pkl5_bhz_2020_07_22_06_12_44,0.06214637036959498,42765.69574468085,0.30673607967406064,0.02366681756450883,202629.43829787234,0.05979115203233775
0.6916012735471998,0.7075474441537112,0.7421212068435278,0.6276712820947093,1.270391220453031,1.0105438389096784,1.6535445640064226,0.2365842647271499,0.6916012735471997,0.2739501821041051,0.2955169332306778,0.7398126773149064,0.3125,0.7995572813326787,0.23615022174439237,0.6241769049214533,0.29003128333792383,0.7904550890597319,0.3361171731171854,1.6464558299271903,72.59738246002065,0.009429456093001774,24.182663831547586,0.09233766233766234,0.00026777870212234994,0.0002677131938049193,0.6543896605392749,0.09709871154078749,0.0057358776019766355,-0.005436927794091745,0.8377582262949476,0.7406159648642934,0.5152878740718666,0.3096618430602009,3.759450070857954,1.0201796591998595,1.5317005600951235,0.976650091182158,0.8377582262949476,0.15203562236477586,0.08149630034141987,0.9334267566560057,0.11458333333333333,0.9236008645898806,0.10621630651537489,0.7567220299880909,0.17966207122503117,0.878960341799514,0.18400788570866441,1.9108438731186326,0.01859564917719184,1.207509686830639e-05,0.7877963412968914,0.09149902660609993,0.0026795028032397914,0.002016618952799157,1.147420067978407,0.0022107749121021538,0.003878730688755608,0.0009209965071092072,0.817795230375628,0.6501627961677149,0.6001888234005228,0.2634268228464215,5.23625196917277,1.0124000548833572,1.4910979103517341,0.941505496117214,0.817795230375628,0.2513135979536129,0.21766989849073526,1.0991068630520695,-0.08666666666666667,0.8932121521016043,0.18081991277142295,0.7667317079482885,0.2968134741602703,0.9248730588912382,0.3212314203289127,3.7527724393593167,1455.8664538821351,0.005908572899574005,12.673310977823578,0.014512987012987012,0.028056586439071732,0.00206138711939603,3.5728452583345747,0.07156379585630639,0.014737030601291765,0.00015101905575900357,av_pn7a_bhz_2020_07_22_06_12_44,0.16261980584469818,414024.1182108626,0.34795700680827607,0.050271004093131504,1291499.2428115015,0.031494205420070184
0.6646245292222143,0.638266281171488,0.6801815941219678,0.5726390271365701,1.17070103802572,1.009482092655029,1.6301252698566215,0.22545694170906033,0.664624529222214,0.2766697794375467,0.2843810675929816,0.7063701103628981,0.3333333333333333,0.7872399454268486,0.24499349070743853,0.587487159801055,0.28565945270623583,0.7624779028531411,0.34045441355804534,1.3726109819707317,115.40278334079545,0.014572898515064459,16.673135030039806,0.08825757575757576,-0.02666972504607899,-0.026669179191337544,0.14809391404827912,0.11772758499430895,-0.017185819750107495,-0.03652883793157602,0.8549208630363335,0.727989189613637,0.5847587181373355,0.33735895825586276,3.17882427933116,1.0199718471130677,1.6521716691156991,0.9937391866804725,0.8549208630363333,0.14571303180517525,0.08828820538817639,1.036360267022828,0.03125,0.9285689895566938,0.10007328775045783,0.7873661030412213,0.17615757385713232,0.8969028589259876,0.1765395794249758,1.9732697447241825,0.0272105838711482,1.7178398908553156e-05,3.714593018201975,0.08643533123028391,0.0027152430817187255,0.0015275099149754563,1.9026919743768462,0.0031296989965753645,0.0036932427816646694,0.0005666379320549501,0.815797271331681,0.6540426291704611,0.6189985826688285,0.27906066921996936,4.924384972990648,1.012392690876868,1.4798180236818663,0.9510948567212021,0.8157972713316811,0.25352844573251804,0.2149075920335675,1.0929575912361864,-0.08666666666666667,0.8916884449219908,0.1829549519831478,0.7648083432375363,0.29899527605034065,0.9240627958408695,0.3243388082946272,3.723811261443347,2182.3107977322857,0.008610793120759968,14.435886467201627,0.014528093434343435,0.03264600631845926,0.0026445139635418724,3.8023493976674225,0.08686194458189261,0.016600844241054596,0.0003092225935703464,az_sio5_bhz_2019_07_06_03_19_53,0.10532319823522657,189522.34551495017,0.33523912539596695,0.03864195759428704,552918.3787375415,0.034280420012353305
0.619810426008364,0.6194456834446329,0.5040171679973127,0.4863342344760895,1.39152991771698,1.0080965776571806,1.4200100704925755,0.2942122335550129,0.619810426008364,0.2825317289865754,0.2899270784685633,0.650298531322218,0.3333333333333333,0.7592235059468774,0.264349593658179,0.5343741619967386,0.28120792728650507,0.7189754019842077,0.34970790623746917,1.4120826458398572,209.6178553107053,0.026205507602288448,25.738072410930705,0.081375,0.1442196230068803,0.1442146897315979,-0.49490734220427895,0.07350464103436932,0.1567913293838501,0.13211214542388916,0.856025823046686,0.8184009874879633,0.6640697109855627,0.42344149947166443,3.1543993949890137,1.0196631288174076,1.7409263727223956,0.8160859446594623,0.856025823046686,0.15452601591671075,0.11187090508874298,1.0344963021671192,0.052083333333333336,0.9236653478432233,0.10641520484172755,0.799871427423103,0.18827568749668958,0.9039775464130839,0.18755220633476993,2.451979819553581,0.010027397535732563,6.267123459832852e-06,7.215773711595395,0.08494690818238601,0.0016023253102468425,0.0008453749469481409,2.503525360315008,0.0019224366190797595,0.001927367877215147,0.0004699545679613948,0.8117367440281303,0.6988490717249712,0.6700763405108058,0.338875346898631,4.105482565319605,1.0123703112294131,1.4621722442579592,0.9059727903972729,0.8117367440281305,0.25826926068078604,0.21876926748126949,1.0762356143781506,-0.07666666666666666,0.8883314459592017,0.18767495899255676,0.7610368772806088,0.3035737779398774,0.9224631058751682,0.33082425142420036,3.734265909181131,727.6936256333393,0.0028425643288971414,12.769380740185568,0.01829296875,0.02120393131602468,0.002841322392553323,3.5399995816778342,0.04891775262494731,0.0151985672153278,0.0005187944438763687,g_inu_bhz_2011_03_11_06_15_37,0.05909766320003537,38746.967741935485,0.33672395002739997,0.019327746615027494,310723.99255583127,0.06072439714927268
0.7226413631025612,0.3503396995662869,0.732309134273602,0.6127590537071228,1.2612653970718384,1.0114857731805418,1.6459794307298596,0.20243471542778127,0.722641363102561,0.26467768787213536,0.28158065166519736,0.8028106143245848,0.3125,0.8156568445510909,0.2243364497457038,0.6630470547250709,0.28611227559347135,0.818368372538486,0.32142622765483764,1.6100741031156742,430.35461954012646,0.05270078613031184,3.926490635656079,0.0920778743724746,-0.003180616931289387,-0.003181278705596924,0.000791391976918411,0.2295304269855008,0.05752992630004883,-0.06469994783401489,0.9870250148064762,0.7195021599632943,0.7807612225019858,0.5102905035018921,2.2653493881225586,1.0294706108285196,1.5851983234762828,1.0661074795022032,0.9870250148064759,0.01700593451024628,0.014421517976097321,1.2851574122520204,0.0,0.9933604919166151,0.01010720824781945,0.9809771964587647,0.02377817723895136,0.9921289035897959,0.020489382959830875,2.132948429110474,0.10532988343264806,6.454036975039709e-05,127.80338787606249,0.04470300061236987,0.0011979941473699688,5.027169027016498e-05,10.445419208957196,0.007941388870678736,0.0001028585247695446,2.1469428247655742e-05,0.8146656140671457,0.6773889366257272,0.6946026771434904,0.3959353720469879,3.4349172689893237,1.0123623410129996,1.5430635422801282,0.8623110885616142,0.8146656140671458,0.2580555201682051,0.21526369191166703,1.0834717176102877,-0.041666666666666664,0.8883893801609919,0.18803463728436468,0.765987260309061,0.3034208669695222,0.9245598850879817,0.3291150806780064,3.6749088666969776,13024.391457948615,0.04983638918183619,8.45686823237089,0.019966021795028776,0.10727215273376331,0.03015227136414468,2.917219378884799,0.19577763850096594,0.09837251877439042,0.007371605008339756,ge_bkb_bhz_2018_09_28_10_02_43,0.21342840404411048,260023.05167173254,0.3694625881135614,0.061667944679003335,1230405.1276595744,0.029270547153824426
0.6604149576744957,0.27380766319688266,0.6808476004328374,0.5304442644119263,1.25074303150177,1.0092704758563837,1.5363952986268432,0.2352321902538049,0.6604149576744957,0.2737317829058735,0.2780717170749787,0.7004514605746668,0.375,0.7924578754342969,0.23929520654658867,0.5787471557570849,0.282521398081489,0.7555693255772641,0.338795230022398,1.2893038328225734,385.38030931391523,0.04598261655099812,4.8483041291253866,0.08327368169887855,-0.0020771554605228696,-0.0020821988582611084,0.0015147127904635716,0.21441272373561088,0.05317041277885437,-0.05723659694194794,0.9272745728461641,0.6810527243540045,0.6772032362736451,0.3753277361392975,2.4811973571777344,1.025878733893883,1.4252634383786575,1.0421345682441459,0.9272745728461642,0.09711673955243144,0.11856125431376556,1.1227227049798252,0.041666666666666664,0.9571211034544649,0.0629415150815669,0.9068147606601656,0.12665111152843467,0.9590665880405425,0.11626826935440898,1.5214721488597056,0.09194103946186767,5.489017281305533e-05,202.2639256711454,0.0441527446300716,0.0009539398590215958,2.8791168915631715e-05,13.065823905952854,0.007344890799641344,9.251001756638288e-05,1.1165506293764338e-05,0.8103651646084958,0.7035880820367993,0.729181176777455,0.44616983820452694,3.05601449743336,1.0123068207450807,1.550512988364213,0.8407840674697318,0.810365164608496,0.26282121979801937,0.22869858775658825,1.0650598191888854,-0.025,0.8848239488198566,0.19300036780626853,0.7621067256285524,0.3081944481262419,0.9229183567416744,0.33588287425061447,3.6472078411277256,8881.104759797876,0.033110899362835684,12.15295217128102,0.021329187544738726,0.08105495508008165,0.01646806100770292,3.40567658098149,0.1629136893414656,0.08040585883870485,0.0034802948007785594,ge_luwi_bhz_2018_09_28_10_02_43,0.026695135799214332,176100.77290836655,0.34077236869256045,0.017507658608593515,1230101.1952191235,0.04484688837668752
0.6699610612436797,0.6303621205394105,0.6170396719385292,0.5163751840591431,1.3663948774337769,1.0095073595893567,1.4972872804150916,0.27732789139798153,0.6699610612436798,0.27261226702304786,0.26372352948387345,0.7273438234293187,0.28125,0.7937088680233176,0.23990706594338954,0.5906868122221459,0.2820606003797644,0.7649831867969679,0.3349553188953254,1.427340230161096,333.378624640563,0.03895065131914511,6.736543155598701,0.08621495327102804,-0.14650927098972774,-0.1465122103691101,0.06791968295093462,0.13221624152678854,-0.09739215672016144,-0.19424964487552643,0.9754194922643243,0.8994811803480227,0.7608227689171251,0.6346795558929443,2.5435993671417236,1.0282373815167667,1.8781354954380136,0.796984668052025,0.9754194922643241,0.031684723161175606,0.02396131793023946,1.2640255729087908,0.0,0.9873955436153855,0.01903529221703694,0.9641867034941317,0.04379555325779644,0.9849810115878048,0.03824811274996772,3.0632172751808007,0.03329283516780377,1.945811523542009e-05,6.339665348710469,0.09813084112149532,0.002947409343663881,0.001772114192135632,2.3161072977005346,0.003280171897139985,0.0037841605953872204,0.0008180883014574647,0.8157125810434777,0.7088490331228179,0.6650572973631673,0.35530646711605257,3.8502731213137604,1.0123737561610204,1.498511662463385,0.912068801768494,0.8157125810434778,0.25516181484376194,0.2280947759034444,1.0798522882119357,-0.08,0.8904353380268627,0.18493177268831176,0.7660714528131005,0.30090908686018625,0.9245953311372422,0.3261720065579088,3.794550679567248,3928.0230392175044,0.014340089731699899,7.192875977371449,0.02068852219626168,0.05941160359055092,0.015250457187110242,2.692078732222204,0.10397258647893756,0.061487791184457075,0.0032706628746538113,ii_erm_bhz_2011_03_11_06_15_37,0.05980923605215451,13690.260130718954,0.3497201930881285,0.020684352172241446,141737.25751633986,0.1003996003996004
0.6320593179403102,0.5732304895317687,0.6121530092991295,0.43993061780929565,1.2932747602462769,1.0084729546948628,1.3895694589292302,0.3148510852888081,0.63205931794031,0.28149129038124887,0.286820659641047,0.6848802692470006,0.2708333333333333,0.7678223209253812,0.2584426299182035,0.5487348931214162,0.2829885327723825,0.7311020863701908,0.34789601265493186,1.1788027303125368,262.94761733202125,0.031760794459719924,6.258563898757698,0.08297101449275363,0.0771948945335144,0.07719790935516357,-0.019210596777121832,0.16061726828998804,0.10581773519515991,0.049083322286605835,0.8723488440653481,0.8491180781633016,0.6887624424537394,0.44118183851242065,3.0008437633514404,1.0205540397234774,1.7987239970474629,0.8470947521765961,0.8723488440653479,0.1461446400654028,0.13153385712710935,1.078757826404012,0.08333333333333333,0.9295927463163695,0.09903573565667116,0.8278406978987132,0.18165239648325773,0.9193009825422291,0.17735076793568044,2.541275103460052,0.04696842314932335,2.8362574365533423e-05,7.938225062885465,0.08690404345202173,0.0030598027787431333,0.0012569802347570658,2.6227281917792022,0.0043569558752116384,0.0035179806873202324,0.0005278151948004961,0.8165628191972376,0.709193346006899,0.6809924624900154,0.3509327356543858,3.9661879192001517,1.0124167044680663,1.4799238800255108,0.8992641033822326,0.8165628191972377,0.253199684762366,0.21497802296085838,1.0936672788451585,-0.09333333333333334,0.8919392428816588,0.18264017990762438,0.7661126639596942,0.2988862903702732,0.9246126789179371,0.32381592058057235,3.75263397566695,4867.924231265734,0.01837236791830334,10.886111506407321,0.01576086956521739,0.05254237991127501,0.0038747395810830726,3.313192988365117,0.12494637606351729,0.030622273519658846,0.0003738190811102592,ii_nil_bhz_2015_12_07_07_50_05,0.04510105079341563,41390.46601941747,0.32666839475916676,0.017638325949665377,245398.2281553398,0.05437919779893723
0.6031899643228233,0.5514402652528777,0.5793390763772281,0.42078059050747296,1.1591691668205126,1.0075467668347757,1.3629839623314144,0.3198071453399485,0.6031899643228233,0.28707539785516356,0.3032997259885667,0.6196798464789427,0.3645833333333333,0.7432485181108762,0.274699478777819,0.5191233073856665,0.28265632825870834,0.7057904525158423,0.35627176111429565,1.0491003257908122,354.2936125764665,0.03937033143421119,3.9118975964447955,0.08044444444444444,0.013210695279664349,0.013210338233709207,-0.08500052090715776,0.1979682663538997,0.06870636448808404,-0.04048051473281736,0.9489237975096998,0.8912288631859359,0.766448551249572,0.5510474198950346,2.671921419793343,1.0255370682968266,1.9073678021890734,0.6931990547043315,0.9489237975096997,0.06492611152373498,0.07192093237660774,1.2141554015359979,0.010416666666666666,0.9730043759750147,0.0399850417777882,0.9284367942725328,0.08758653307585013,0.9691114764515321,0.07877345542156615,2.818723428747687,0.06808413523651827,3.782451957584348e-05,7.39086528232022,0.07162687395891172,0.0031918837437844385,0.0008571519921758401,2.5961860514832598,0.005255035279403355,0.003476274884330308,0.0002552258902564226,0.8164576543163279,0.7100375749438939,0.6930889069153697,0.3710053036801802,3.7145547423220964,1.012222535725083,1.4906655931763406,0.8843893494701183,0.8164576543163279,0.25480236360365577,0.2367143034463675,1.0850426399612256,-0.08833333333333333,0.890214095298564,0.18562249775125034,0.7669126701195453,0.29986423581768507,0.9249491016720439,0.3247073439823293,3.7914057101632883,9070.462427114378,0.03149477056210049,10.76455645732414,0.01636458333333333,0.06864662319062644,0.004377634098700861,3.2981332901006786,0.16365299364748082,0.03978429563213885,0.0004708178439640527,ii_simi_bhz_2024_01_22_18_09_04,0.05977006848732594,26697.285451197054,0.34185294845836345,0.016764513361076348,186517.6556169429,0.0622756245878819
0.649390509600737,0.6226253535506137,0.623114075647976,0.5012152791023254,1.290069341659546,1.0089126218068218,1.481574759145724,0.28546603523002767,0.6493905096007369,0.27890728611797716,0.28303689582846797,0.6945037599172317,0.25,0.7779972837417937,0.25180224612449637,0.568736435489928,0.28383603028109505,0.7475375162318221,0.34330132536455105,1.3332662035787761,206.42466134385054,0.024577290313590967,8.31419886173559,0.08654761904761905,0.10214241494735082,0.10214114189147949,-0.04674104446014909,0.11891716240484253,0.11692428588867188,0.08559542894363403,0.8715128015526143,0.8494685279608651,0.6940463469458777,0.48251649737358093,2.650869369506836,1.0208811895711771,1.8101671390562137,0.921896935385928,0.8715128015526142,0.15413135021558408,0.15423204920415348,1.0515562389918514,0.125,0.9249077405610239,0.10525783322184387,0.8348465840175889,0.1919525847376789,0.9230337962890429,0.18691740111960867,2.4781560623604184,0.0264460575537417,1.5751076565659143e-05,10.533828041389999,0.09226190476190477,0.0025333451963606853,0.0014138043043203652,2.6736448980606675,0.003053500129510803,0.00345482281409204,0.0005404643015936017,0.8153030905207672,0.69309778157311,0.6505505926730875,0.3162417973674371,4.375052193540264,1.0123816338717455,1.4855286700580026,0.9134972927628597,0.8153030905207672,0.2547873507500384,0.222901206855805,1.0834960744905409,-0.1,0.8909081207289365,0.18404124526671808,0.7650831100440993,0.3006713666736844,0.924178776404542,0.3261978591893167,3.7737863714658415,3206.0788642616044,0.011927421100010062,10.224555300514687,0.015200892857142857,0.04267960047704365,0.0036988928864629257,3.24010872423725,0.1005277495534623,0.024702586893758042,0.0004510120627831583,iu_dav_bhz_2010_07_23_22_51_13,0.09331898421921078,77496.45965770171,0.3245257979089078,0.026775306221268405,338709.9119804401,0.04186113650579801
0.6432745378812185,0.6178216100352666,0.6266592031870142,0.47882565550689643,1.258188719022715,1.0088079324328163,1.4693143746153738,0.28925444668422773,0.6432745378812184,0.2823150497778538,0.28979303790915634,0.6751438520293731,0.3229166666666667,0.7709045543305004,0.257015030167932,0.5642748205452073,0.28660244685185776,0.7439165022504047,0.34820685247345284,1.2449053081497172,144.9820790638477,0.01746982516735121,12.246119565656613,0.0872289156626506,-0.0671900279878151,-0.06718920633904168,0.16419740046184417,0.11381221598815701,-0.05224351999967658,-0.08104900927089115,0.8457889315313203,0.8115797766648947,0.6383226701652129,0.39062299711458176,3.0630226189507046,1.0192431725657694,1.743133121563975,0.882873226886114,0.8457889315313203,0.1739420995539113,0.1699113995050282,1.0246886938059234,0.14583333333333334,0.9108103605701195,0.12283598079954243,0.7989890001277052,0.21059997987427814,0.9034829242082936,0.21088203354656673,2.336060105529687,0.023676823388211928,1.4263146619404776e-05,3.903167945559927,0.08549066827212523,0.0023421300656401188,0.0011181470124409243,1.9998935507569837,0.0029612474214377885,0.002929762076166939,0.0003899281565106063,0.8198080728723575,0.6975635002982944,0.6542450281505455,0.3195375035624124,4.35370844871642,1.0124646550567462,1.482468339308861,0.912937416632714,0.8198080728723575,0.25026222570817885,0.2140354249596352,1.1045575496203028,-0.105,0.8940797282810574,0.17961084691053034,0.769933148036528,0.296363021730227,0.926213496485423,0.31975181041829726,3.7630177877930673,2383.206575649615,0.008972950107679678,11.447131170852046,0.01552710843373494,0.03631994711187482,0.002876411203065186,3.389679020047954,0.08748587180666716,0.020741798465707995,0.00025049786820079156,iu_kbl_bhz_2015_12_07_07_50_05,0.0506406508327646,60725.03926701571,0.31531482141388667,0.022518571311093447,242378.9109947644,0.05256683368837949
0.6453909936351304,0.6817461727558308,0.7276999118466152,0.5784692764282227,1.3539445400238037,1.0088373801477792,1.5023532951227723,0.26419244730258834,0.6453909936351304,0.27770754928611724,0.2785344275710458,0.693464501819494,0.23958333333333334,0.7780915668572349,0.251366931627509,0.5621380918125322,0.2816035268803313,0.7421732365646662,0.342224675603747,1.5997740037546966,66.23430644522043,0.008514501407021523,24.98315351674773,0.08444730077120823,0.02661523021431999,0.026619791984558105,-0.5329368319920863,0.08834611773439204,0.04379633069038391,0.01010027527809143,0.9115637015807695,0.8214372742976853,0.6851734623702221,0.5083001852035522,2.8166537284851074,1.0234038854101652,1.6860511344840967,0.8611584275946522,0.9115637015807693,0.09914915435935655,0.0640367192700507,1.164876071055191,0.020833333333333332,0.9559934887243021,0.06391810368604277,0.8693943062196057,0.12757919963452263,0.9408455535361553,0.11996611205375791,2.6843788108020834,0.01495578381536479,9.617867405379285e-06,6.719638022898884,0.09961439588688946,0.0022456487767494927,0.0014981366111896932,2.1770261036074463,0.0021374629419348267,0.0029018910136073828,0.0008208587532863021,0.8124140139895023,0.678866610097124,0.6406574072728459,0.30769589528563096,4.485006675235095,1.0123499818165853,1.4723953909389544,0.9660706327928686,0.8124140139895024,0.25709803887377464,0.22359159579118643,1.0784644132774839,-0.06666666666666667,0.8890685126890439,0.18665345980264403,0.7613646749656846,0.3023587557277746,0.922602717007616,0.3293055343177768,3.729912197215655,1315.159185723853,0.005282633629327934,12.220898625194085,0.01849694730077121,0.030051152507467205,0.0045576754397370625,3.4462298504648854,0.06617809791385766,0.02298532524053503,0.0008324914750174072,iu_majo_bhz_2011_03_11_06_15_37,0.09485987500577885,36641.098984771575,0.3477415032595532,0.025535313973562835,210709.46446700508,0.04930925800465404
0.7251917074839273,0.6928165007409456,0.5637365808418922,0.5964255860966341,1.3517546824112467,1.0115888543668545,1.584555371057866,0.26271913317193063,0.7251917074839271,0.2574102421142857,0.26000256460356136,0.8032274049205087,0.3020833333333333,0.8272382777509403,0.21193158662221367,0.6596634986466855,0.28021012517617755,0.8160065088345269,0.31512531967182117,1.636216934965871,356.18998129597907,0.04737198846867656,19.148434348940626,0.09428191489361702,0.19450986937027553,0.1945099413578435,-0.1471989373051824,0.09762991201308756,0.19694272338086355,0.19196009368933903,0.7502667317648807,0.7186499623159864,0.4968761884694844,0.290038794017838,2.9953199175538185,1.0145751735276451,1.4834755810749816,0.9791620566081332,0.7502667317648805,0.22433935719448397,0.17766208072020467,0.8763424933838454,0.21875,0.8630245606719484,0.1756543510567577,0.6662015900710481,0.24634972780652595,0.820558961001637,0.27335137357270684,1.6039227529932707,0.01816886849373568,1.2080364689983828e-05,3.25097581530797,0.09102990033222591,0.0025807849652754555,0.001809414122865261,1.717795113019677,0.002326346240910836,0.003426496071934552,0.0009291291769045426,0.8250461197267995,0.6762761583606496,0.6152506399474565,0.27468786147724283,5.0469295305117,1.01258473463328,1.4830142286764239,0.9421315446703754,0.8250461197267994,0.2445237604225964,0.20620865614614764,1.1409290160294323,-0.11333333333333333,0.8976755800030323,0.1746800195085169,0.7753540146043818,0.2904752473068477,0.9284599119899115,0.31140388984420975,3.7195760554649073,1511.3514412549819,0.006280575639256238,13.286897949763858,0.013443317819148936,0.027804011581026394,0.0017167005563731319,3.655619656072076,0.07421244154312541,0.011284219611534436,0.0002090510858289923,iu_majo_bhz_2024_01_01_07_10_09,0.11153130868471776,292286.8645833333,0.3310426311728395,0.03609664351851852,784013.0347222222,0.03704573672024429
0.6612622011538994,0.6012692811502918,0.6228702619161535,0.4834414440485366,1.2057102958472332,1.0088564635902963,1.4515814872100625,0.2539638842933692,0.6612622011538993,0.27772289624399304,0.28413634002524996,0.7073178513584758,0.2708333333333333,0.7842276305824919,0.2474362712907191,0.5838478399403295,0.28576996261351023,0.7596128388830458,0.3416018882196263,1.2165345559395624,285.20445217042476,0.02154274886097324,11.665758700659936,0.08074018126888217,-0.07029601329632584,-0.07029542898488217,0.1255503291994936,0.12883940499622235,-0.06885815699154899,-0.07178197608083459,0.7340226697652218,0.7707121897633581,0.5756582579494037,0.3219950867232674,3.0703351456945644,1.0132855133690373,1.6282303471915893,0.9342049319534966,0.7340226697652217,0.2511315205555598,0.2508057663414995,0.8266716436706407,0.25,0.8352931303706512,0.2044831147474597,0.6673250808441331,0.2744359513037137,0.8213364931706532,0.30639773943042925,1.9358644801365652,0.03163923600152681,1.1948351964322812e-05,5.863486811855674,0.06379765949414873,0.0020664749453039558,0.0008668556864214003,2.2237093928812373,0.002770112407576813,0.0026507445352261815,0.00027373571359825746,0.8224110433749878,0.6906833420903875,0.6565710307278165,0.31532386763327686,4.3290683296537775,1.011967232531166,1.4725631177686065,0.8945582467236463,0.8224110433749878,0.24863503901631312,0.2264572700038935,1.113298745610063,-0.12666666666666668,0.8946960909362446,0.1792055388218405,0.773441952998268,0.2943570865652006,0.9276708761629509,0.31640701426722817,3.711072279972094,4366.363323543844,0.010305828996820338,15.730269026954158,0.01026482250755287,0.031052187393283883,0.00019026410086536808,3.985922078734344,0.09665177872317766,0.00569193939290721,2.8145435549165157e-05,iu_majo_bhz_2025_12_08_14_15_10,0.07171574751681287,368902.4605597964,0.30905347396227884,0.027420054516377575,1120560.262086514,0.029421170450911416
0.6132256168317411,0.5929537960536282,0.6279033412135605,0.46489717519883195,1.2295736864991633,1.0078641601998277,1.4021865192365495,0.2951245514180728,0.613225616831741,0.2856932822135414,0.30215285285059706,0.6323520742355684,0.3333333333333333,0.7515592239336113,0.2695162741553025,0.5296121223164593,0.28309554030032535,0.7148926921726274,0.353691577525342,1.1775685409634364,117.90491096323329,0.01407147761824004,10.230454713589161,0.0815035799522673,-0.018954032193965197,-0.01895101383995157,-0.07305142142069386,0.11709202837038074,-0.0009226936056460633,-0.035693751782817085,0.9077396872221116,0.8243372593806825,0.6823241236580277,0.43235273085450593,3.088546815362336,1.0225254667236716,1.75015190113483,0.8984448648346184,0.9077396872221115,0.10444394569254796,0.06566016533869583,1.1430884064785676,0.0,0.9532791599145269,0.06763108123092088,0.8657874512384356,0.13397067799921972,0.939031350632313,0.1264195164145695,2.563336476705343,0.025411825001174292,1.5162186754877262e-05,6.871062745584036,0.08169350029815146,0.0022899488942938057,0.000979360578239222,2.4242053628974753,0.0031479008180271104,0.0029075710392618657,0.00031123232016378344,0.8148236681061304,0.7030625688413641,0.6744116582871573,0.33783904045385627,4.08166014538594,1.0123629578980955,1.4581353413878548,0.9109728308567347,0.8148236681061303,0.25544352239109525,0.22198691835774614,1.0835945812311214,-0.095,0.8904526651398658,0.18470378548055172,0.7646524350239883,0.301204876297386,0.9239969522054263,0.32694950760270386,3.7163800686670894,2516.972677279891,0.009386120463157645,13.899244331100743,0.01568093675417661,0.03492264299714104,0.00212657130803457,3.7073336470046976,0.0903686586561459,0.017868604439572187,0.0001786982429840675,iu_majo_bhz_2026_04_20_07_52_58,0.044980276361585296,73042.50561797753,0.3243592980684257,0.021414594116904433,247603.10393258426,0.05063897285487685
0.6083594277196249,0.61094079451216,0.6402846811961753,0.4683588147163391,1.2682068347930908,1.0076756109045915,1.42833595378333,0.29917670046677436,0.6083594277196248,0.28168715639644887,0.2810677454692452,0.6447956610446873,0.22916666666666666,0.7564265109282291,0.26529171600143303,0.5194930726075797,0.277638015857906,0.7061139228750988,0.3492675920643007,1.2242390552760987,207.19877723428795,0.023928718932242517,5.853703340002225,0.07956120092378753,0.016542768657345143,0.01654362678527832,0.06588627878726294,0.1537930187163112,0.03305986523628235,-0.0005056709051132202,0.8442988737353996,0.855079093099281,0.681513590580369,0.44595590233802795,2.822807788848877,1.0192978251659877,1.7890719579904801,0.7500824173825057,0.8442988737353995,0.17653062605341474,0.17879328174686082,1.0083514063058387,0.15625,0.9098197776068906,0.12355228763033418,0.7990042895936207,0.21489438120649226,0.9034915002357655,0.2153689466568962,2.425723176448857,0.0426565193263376,2.462847536162679e-05,4.799657291093945,0.08193883439122908,0.003035318842998634,0.0013860496692359447,2.1293224936078654,0.003924423959539018,0.003934546373784542,0.0005433911574073136,0.8153472671052652,0.7046950340843615,0.6661337627854681,0.3325804083802155,4.103722519325428,1.0123415915083354,1.4770487680236528,0.8986592650609811,0.8153472671052652,0.25564978703720354,0.23660218921825013,1.0785821759202434,-0.08833333333333333,0.8901677550375037,0.18527056699131403,0.7658333150827898,0.30147088861513277,0.9244950538341112,0.32689601290173204,3.7343688827547306,5438.682259647825,0.019625800683633475,11.493755295019858,0.01409858545034642,0.05175787652966249,0.0024839558931027167,3.407291378132924,0.13018007558834832,0.024251534060981562,0.00016519378801948596,iu_pmg_bhz_2023_04_02_18_04_11,0.04958992908196071,79289.16497461929,0.31447602360277255,0.02288129042232472,232474.42639593908,0.047580774795049026
0.6490970511869705,0.6567209786014393,0.7131562598362976,0.5814839005470276,1.3498932123184204,1.0089614230873685,1.5661831944242544,0.2564805774639988,0.6490970511869704,0.27310179418879466,0.2615847893926686,0.7289812164245608,0.21875,0.7857295733985576,0.24532536114890724,0.5620213456316578,0.27670364212726023,0.7420778177024157,0.3358125097532218,1.5965818983187714,70.73268023868138,0.00940719247754773,33.25867564215714,0.08457446808510638,-0.04821415849505587,-0.04821419715881348,-0.10775971475641132,0.08415067701281363,-0.0470021516084671,-0.049408212304115295,0.6449201232884085,0.6167150344918024,0.3894419544973,0.18714240193367004,4.326206684112549,1.0104931189564834,1.3535123316995339,1.229571966400417,0.6449201232884085,0.2668740217877488,0.24572141234753378,0.6963035991091188,0.4166666666666667,0.7879001384160367,0.24416880617906314,0.5498392931201777,0.2676096101354287,0.7320232701173063,0.3271560267205357,1.5071896804247653,0.013995843046912175,9.30574670672352e-06,3.4779352661107223,0.07641196013289037,0.0022102662115730557,0.0015978472074493766,1.803690322633043,0.002101020409300888,0.0030075579416006804,0.0007304698810912669,0.8242647006935983,0.6609948743823835,0.5919069057872557,0.25018981095874826,5.501475833036422,1.0125696404971354,1.4697580356300601,0.9632096447096153,0.8242647006935984,0.2458233475014021,0.20494885080366787,1.143768866265407,-0.11833333333333333,0.8968776421223774,0.17582166810663363,0.774905495373788,0.291902387321442,0.928275149072988,0.3131657769033445,3.677666714234052,658.5252715099994,0.002736569182509898,15.108996008836574,0.011864195478723404,0.016927951656050245,0.00041462545967800156,3.888582312360945,0.049497497544766705,0.004642291866634871,3.63537244461684e-05,jp_erm_bhz_2025_12_08_14_15_10,0.22638721148759405,303288.40769230766,0.3533136094674556,0.06585798816568048,1643449.2115384615,0.025777722027094833
0.7858805167139715,0.7462033041417399,0.830084950464669,1.038687825202942,1.0676544904708862,1.0147139615713892,1.9350478624007905,0.08324908022537225,0.7858805167139715,0.24242466378761812,0.28718769612733624,0.8397058746997405,0.15625,0.8511822444514107,0.19167602119940244,0.7518700019644533,0.27878364700949027,0.8760384348597515,0.29279468341271214,2.2662626850103567,57.78995523283672,0.007684834472451691,34.99265386192331,0.10171519744714799,0.015278349490483348,0.015278220176696777,-0.16458145784526626,0.08631561113550722,0.017792224884033203,0.012929677963256836,0.8831916628458133,0.6844429278763262,0.5172684012778535,0.3351058065891266,3.7069215774536133,1.0215025369212405,1.5281876572926008,1.0995184674589413,0.8831916628458134,0.12765055632629194,0.08907834462907312,1.1084575189857395,0.03125,0.9401621630135223,0.08528305876548434,0.832165666671699,0.15924707974796026,0.9216102800852686,0.15435066956492477,2.2751835156617664,0.014651272278164176,9.74801881448049e-06,0.6547523333023655,0.09640957446808511,0.002523573456547889,0.0020787210669368505,1.0155293712617761,0.0018366040478010157,0.0035877013579010963,0.001101390109397471,0.8135225458873895,0.5020357499133591,0.4981656550661291,0.18630384519995444,7.1733678997550765,1.0123982254378479,1.5038076916217735,0.9725038545547766,0.8135225458873895,0.25406358382193545,0.22620450812526802,1.0901231437332615,-0.09333333333333334,0.8914271144703759,0.1830374457622875,0.7610629817044213,0.299259388787716,0.922474227931414,0.32578804539786455,3.686626219772894,1009.2400629304357,0.004193442761821888,12.03238828525989,0.014721280414838452,0.02587672545978892,0.0023641670257646043,3.4242992455656016,0.05936177572655086,0.01868030861443959,0.0003066863932465851,jp_jem_bhz_2025_12_08_14_15_10,0.19925029420662035,148836.20408163266,0.4209125827201629,0.04896108103105188,797327.4795918367,0.0329631169448239
0.7844565477873712,0.7722922899212107,0.7734634663104937,0.9290671944618225,1.116950511932373,1.0146210583001443,1.8764226221104887,0.12020731289023928,0.7844565477873711,0.24303319471382231,0.29643543477090917,0.8343150696450697,0.16666666666666666,0.850534694187274,0.19219493120028935,0.7499563157784905,0.2795431834172657,0.874879797783826,0.29404303872548965,2.1688573317172284,135.4769771923167,0.01759441262237879,27.69872747763876,0.10180496039475392,0.10252053557146898,0.10251927375793457,-0.6900091373500974,0.08415264533322134,0.10968887805938721,0.09559166431427002,0.973183061203669,0.8942240708123016,0.7214594763238733,0.7724961638450623,2.0045485496520996,1.0280007508516569,1.814238989466941,0.8658728601380831,0.973183061203669,0.03353089235090974,0.024207491829865965,1.2778684873278858,0.0,0.9866213301800447,0.020180438126309,0.9598961305396867,0.046222016280275995,0.9831236696425247,0.040488866990324786,2.9655530629774964,0.014010151878289327,9.103412526503785e-06,1.4968131171699826,0.1305194805194805,0.002565113061493982,0.002267264062538743,1.06456545052045,0.001586724992373084,0.003477640450000763,0.0013583014952018857,0.8146309870922892,0.518442936496738,0.5120859267715504,0.2025947849253699,6.60605937916758,1.01240888532092,1.5076900483154678,1.0093860153924175,0.8146309870922893,0.25370850593296046,0.22970301222843098,1.092497213101749,-0.10166666666666667,0.8918859713092961,0.1823357555292271,0.762993478057056,0.2994802092869117,0.9232948124424565,0.32545351563520275,3.689020353006904,1433.0569965392879,0.005815246444397368,7.863276064900202,0.016629333852746397,0.03517192918455365,0.006524855646295943,2.822558427110853,0.06766208867645838,0.03132797899596977,0.0013324615680842897,jp_jem_bhz_2026_04_20_07_52_58,0.102769128859311,31175.379716981133,0.305313278746885,0.019668921324314702,191414.87735849057,0.05429409300377042
0.7130699182790391,0.7500896239284149,0.5733709490160728,0.6937273740768433,1.2772841453552246,1.011214751640425,1.6822819216491627,0.23234349177389682,0.7130699182790391,0.2651567502721753,0.2825658776133381,0.7830048239573997,0.25,0.8148973599827889,0.22366197096535917,0.6480732073379818,0.2850304124172823,0.8078190677490029,0.3238102812420486,1.8014657250650097,289.4970700332949,0.03769493099391861,44.851957176869426,0.0947793256086447,-0.17830869035164587,-0.1783081293106079,0.806429644027811,0.07678563917728509,-0.17634928226470947,-0.18002748489379883,0.7143348597735365,0.6369580645356241,0.43672363497104566,0.25510796904563904,3.4891233444213867,1.013095176605342,1.3832755240289067,1.1283664914322689,0.7143348597735365,0.24152827712632208,0.21441879760700427,0.8114989739677181,0.28125,0.8386345177497787,0.2003317616185509,0.6245916398840379,0.25679603956297087,0.7907621082234481,0.29487094837429434,1.6799655621156613,0.01138558436241299,7.417318802874912e-06,2.20361170491904,0.08919270833333333,0.0021801384892749334,0.0017759008915163577,1.2945248883114833,0.0016307930545784468,0.003101002424955368,0.0009064265177585185,0.8248639321873501,0.6433860133152485,0.5845134293174559,0.24822578533578493,5.617483040127881,1.012564784034563,1.5124651001858078,0.9761166695272436,0.8248639321873502,0.24501234017173865,0.2103862566322281,1.1334557713119993,-0.10833333333333334,0.8976295520839238,0.17457507933117622,0.7754936021221772,0.29145898517804775,0.9285173731794144,0.31248711124564904,3.8273105118349386,741.2242535637586,0.003015668814414517,14.479039585201381,0.013234767608384325,0.018874902657321866,0.0010173139933756388,3.7989633183929543,0.05156931834822789,0.007461132580778969,0.00010859335489354613,jp_jgf_bhz_2024_01_01_07_10_09,0.1818621987578369,160503.3088235294,0.3210153546712803,0.05484969723183391,893577.7720588235,0.03197684678643278
0.7472179679338518,0.7518756673277827,0.7850453751577956,0.7807546854019165,1.1922293901443481,1.0128444521367972,1.7701003420188945,0.18353551909123686,0.7472179679338518,0.2591727418837829,0.29892731001991396,0.7833062677342502,0.23958333333333334,0.8298758312090448,0.21089929661413043,0.6995733512718518,0.289507596281926,0.8430728983758504,0.31667373416004113,1.9545217910052357,121.37704959099966,0.015210156590350835,11.411712371574612,0.09973687507831099,-0.056720092188757835,-0.056709229946136475,-0.06813661160655726,0.10950379873141725,-0.03165072202682495,-0.08118820190429688,0.9631833199263663,0.8248171167977709,0.6707535342765228,0.5555980205535889,2.7347114086151123,1.028038201487117,1.70168158067874,0.9501774283740775,0.963183319926366,0.04364251562683118,0.017560172205091668,1.260145007320561,0.0,0.9822706426842027,0.026637586083657978,0.9431175428073746,0.05928563045846563,0.9757375902084446,0.05258285717229165,2.8631610371295695,0.023359640261743912,1.4645542483851983e-05,0.9531089436310096,0.10902255639097744,0.0030324516430897475,0.0023512571351602674,1.1202733255704767,0.0023325100452322185,0.004351068753749132,0.0012000505812466145,0.8213066964581569,0.6353898927338982,0.5903729575270805,0.27240209460980014,5.077892581527719,1.0124822429010158,1.5150748559710674,0.9443862006518292,0.8213066964581569,0.24819598474273974,0.20674895261878332,1.1070219134929,-0.10333333333333333,0.8953376676618062,0.17788802761302208,0.7709392387254017,0.29400103414453227,0.926632628020501,0.31673548952220065,3.829230110199528,2901.899568571242,0.011362575692061358,8.192040504822526,0.020309954892870567,0.05259530854579721,0.016325636668468868,2.8661066002623623,0.09271604348928492,0.052549042924779604,0.0036277959564017916,jp_jhj2_bhz_2011_03_11_06_15_37,0.14300979283719711,47490.793103448275,0.36534817181926277,0.03301501189060642,260762.60344827586,0.05397456967390364
0.6923969034213604,0.7018972751636291,0.7526900466767509,0.6791700124740601,1.254697322845459,1.0104283056615075,1.6071328899342072,0.23614566311089163,0.6923969034213605,0.2725111226598998,0.2889974456147768,0.7426305381420482,0.3125,0.8016428925297665,0.23427966069726694,0.6238406668854131,0.2885314525945363,0.790206030886151,0.33433133048370756,1.797801174743571,163.46076221533713,0.019552722753030757,11.656346805332273,0.09077861499820596,-0.04338822384340286,-0.043388545513153076,0.22277510267389186,0.13292045072916103,-0.0307731032371521,-0.05647522211074829,0.8403512941388039,0.7534349095784928,0.5879329760449108,0.3646044135093689,3.083972930908203,1.0186387621549353,1.586493364609518,0.9927932810210208,0.8403512941388039,0.1674786711531419,0.13087564593125897,1.0376694991661504,0.10416666666666667,0.9146161216935377,0.11767794676294414,0.7798074591401384,0.2007830239092623,0.8925580090211019,0.20329198740889226,2.062066556882792,0.03200464717453288,1.9152990529343436e-05,2.180748198059705,0.10047846889952153,0.003110749432702566,0.002322243177331984,1.4293171504264015,0.0030764871783265564,0.004531020764261484,0.0005643501644954085,0.8172459972376884,0.677151793698841,0.6254923643369686,0.29127420221315103,4.770890097037162,1.0123809817333416,1.5071396838372517,0.9332455865970577,0.8172459972376884,0.2532973560383744,0.2169174899930568,1.086582755956104,-0.07833333333333334,0.8919566072843867,0.1826453740175005,0.7674044449510102,0.29926999034411833,0.925155585872369,0.3238684573646101,3.815931897541905,4042.891294506394,0.015110731391422173,10.074246503093747,0.013578668819519196,0.04822708794345093,0.0049528751733681166,3.214968807698305,0.11306999116556167,0.024801976254718944,0.0007100102304373335,jp_jhj2_bhz_2024_01_01_07_10_09,0.12034688008487118,136254.83823529413,0.34603277585544023,0.03221116878123798,531253.4240196078,0.04120879120879121
0.6041137123792735,0.5697054114802912,0.6668505957727088,0.48545849323272705,1.394453763961792,1.0077583709066151,1.4734359772398982,0.29818890779226587,0.6041137123792735,0.2826953975407551,0.2915216200238502,0.6594331841174577,0.3020833333333333,0.752046139517083,0.2683562572105919,0.5153775834873551,0.2774850919169211,0.7025029591335782,0.35029268500034594,1.3996201140855336,70.98985364450269,0.008940787612657769,33.25596584299362,0.0814758846492885,0.032094992756348174,0.03209507465362549,0.16979258744286616,0.08893578104817572,0.0343470573425293,0.029787302017211914,0.6831954060129709,0.6711330282571581,0.45673005178756454,0.2146752029657364,4.005481719970703,1.0119176619964871,1.4648874738268263,1.1248260776657757,0.6831954060129708,0.25737786140397034,0.24895653683733637,0.7522817015066166,0.2916666666666667,0.8177585883001577,0.21812653347676828,0.593748617273733,0.2682562187369348,0.7673686411690535,0.3165472583108216,1.614381081343065,0.014892632745745519,9.384141616726855e-06,12.809508714565512,0.086272040302267,0.0019013581936209454,0.0012488850625231862,3.0938997112474134,0.002400639337176413,0.002323001390323043,0.00040774940862320364,0.8262379538213735,0.6890290964939907,0.6395590178955444,0.30016500028463944,4.638644735794412,1.012625467833154,1.5047962442654292,0.931606764215908,0.8262379538213737,0.24437049015955878,0.20391986939469864,1.140751046246529,-0.11666666666666667,0.8982626990711421,0.1736190809285714,0.7777234627345723,0.2912733707802275,0.9294326967149068,0.3116293136012937,3.782717287476762,836.3056195103387,0.0032911035709211277,12.018861587621695,0.01187665281450699,0.01961655197255837,0.0004846120362007498,3.5140671258514113,0.05390993886324877,0.005594667722757793,2.8471481473601794e-05,jp_jka_bhz_2025_12_08_14_15_10,0.13373375956587316,509927.71126760566,0.33170501884546716,0.03568240428486411,1430832.38028169,0.029265102591351264
0.6605647498539812,0.6177821363033684,0.6499811447226788,0.5022444128990173,1.3371869325637817,1.0094807746804952,1.479456071870879,0.2935557051637685,0.6605647498539813,0.28087716527894413,0.2990177033471827,0.7157568030883799,0.2916666666666667,0.7798142178636942,0.2510477949269414,0.5863665341814526,0.28962038971680526,0.7615974522153707,0.34588172780254184,1.371487555436017,178.6013273563243,0.021887417568176998,12.935927027261435,0.08785688028427889,-0.07940919364788503,-0.0794152021408081,0.16728243738407927,0.12481552619556456,-0.06438863277435303,-0.09478962421417236,0.844610079725405,0.7510525846430397,0.5854422203090985,0.32694706320762634,3.6257498264312744,1.019376479607288,1.6097272680813406,0.9368939009044407,0.8446100797254049,0.15804325827319374,0.09659554378760415,1.0043782689453193,0.10416666666666667,0.9206090164759769,0.1101748862420841,0.7784481894917163,0.18948438447319624,0.8917711242558094,0.19157920908351853,2.1771913384734147,0.028420234303118443,1.742503635997452e-05,8.2645867710897,0.0900735294117647,0.002675717012243583,0.0016244183061644435,2.4615003699397064,0.0032023269234655073,0.003503432497382164,0.00046911888057366014,0.8178480304733768,0.6887404729368805,0.6371493073288093,0.30074557839155003,4.65196274359577,1.012480050289974,1.4801978759670085,0.9225981668749336,0.8178480304733768,0.2520360075253411,0.2102735340701301,1.0966582808684129,-0.08666666666666667,0.8929306975534512,0.18114837980840748,0.7676437223173617,0.298062018277868,0.9252559647027924,0.322399019933408,3.730443378267281,2343.05838728661,0.008972044477281765,10.964401712806604,0.015550330841808601,0.03647777740393234,0.002886425502683638,3.3305444226336123,0.08741499801126508,0.02047513872016001,0.0002028488740918035,jp_jka_bhz_2026_04_20_07_52_58,0.09266756100799074,82152.70304568528,0.31902393774639903,0.025960473086139812,461750.2538071066,0.04726944146382787
0.7196426436179275,0.7176273087998708,0.7074051877455424,0.6924948692321777,1.176679015159607,1.0108547724056938,1.702544178969048,0.16402070684970382,0.7196426436179274,0.27383999730074005,0.3210576487074956,0.7411329533770421,0.22916666666666666,0.8055236527624735,0.23343459349841586,0.6685525612984189,0.2975707331661885,0.8221844080248756,0.33386765013016256,1.7164652507520508,182.7395534824787,0.010152197415693261,28.992966692047556,0.08505083050941614,-0.06731514664240913,-0.06731510162353516,0.06488253122486873,0.07496868992165248,-0.06622803211212158,-0.06837916374206543,0.6821566338465105,0.6893124408495259,0.4281871571772423,0.23238995671272278,2.980280637741089,1.0105723383602472,1.4044229632968308,0.9646229226921381,0.6821566338465104,0.25016447991700946,0.21175133234559754,0.7664176796703304,0.125,0.825256761377533,0.21086388508805942,0.5845171785503877,0.2592633498439103,0.7601410216031953,0.3074163891431963,1.360973646789879,0.01085072607455982,3.0149280562822507e-06,0.5818412605339645,0.06833333333333333,0.0012670481761580276,0.0009719115914776921,1.0202515944408064,0.0011868780457828143,0.002022638451308012,0.00020371691789478064,0.8179938619494962,0.6530597105060083,0.5877856526646278,0.25066571773494617,5.496287883105657,1.0116110561904728,1.5342273615154365,0.9890927676795708,0.8179938619494962,0.2524506925432144,0.2353518833448195,1.083257249064919,-0.11666666666666667,0.892122954647332,0.18269462525404845,0.7679599162534361,0.29784822989501464,0.925388522512994,0.32205827500238643,3.8162625348186525,2146.989443584865,0.0037272116319865857,16.212448583375846,0.007718321204377534,0.018171369046827462,0.0007297651638908013,4.0687827262166305,0.058283844317756954,0.0033396854938325393,0.00013370198413041804,jp_jsd_bhz_2025_12_08_14_15_10,0.15043841728834037,1360031.2069632495,0.3181612412033417,0.05244136496451406,3979184.5183752417,0.024057738572574178
0.6650637826320449,0.6827997888213794,0.6223236347975971,0.5619860887527466,1.2527843713760376,1.0096132146003067,1.569420842473562,0.25759415885864345,0.6650637826320449,0.2792757056337574,0.29558719011652285,0.6986054041145227,0.28125,0.7846238311611442,0.24706217484577314,0.5910704682512209,0.28940734793978634,0.7652827298744631,0.34429226310577704,1.4603698394304223,368.84572014816524,0.04509116383229404,10.417468557066345,0.09008678645642341,0.1611706559049837,0.1611717939376831,-0.27468846238912736,0.1382377365773755,0.1788806915283203,0.1438695192337036,0.8566746315993836,0.8187527723165873,0.6187242560151626,0.3954009413719177,3.080967903137207,1.0195932427008418,1.7124730919726723,0.867553098786574,0.8566746315993834,0.14862097664871204,0.0942973552025311,1.0471556796619503,0.03125,0.9271242337649398,0.10193464780207213,0.7945788058675393,0.18056124104298193,0.9010004800817485,0.1802304305465997,2.284154962851306,0.0357907761371002,2.1890382958471072e-05,1.5462307200354397,0.09352078239608802,0.0032952182960889554,0.002330763847567141,1.313545802811753,0.0033194184595965685,0.005124151706695557,0.0005426781717687845,0.8173123834042982,0.6746955898228274,0.6202932206375793,0.2838381723479828,4.9262485006144505,1.0124465703178802,1.481986144287808,0.9266264507339376,0.8173123834042982,0.252690772245396,0.21274171260754154,1.0912748303795097,-0.09666666666666666,0.8924385837195458,0.18189003847501983,0.7670575170306984,0.29851352613657006,0.9250099445956996,0.3230987695949939,3.7635065036158912,4028.1453689566983,0.01538687490768093,11.540231361673364,0.015894297763109643,0.04789906071976227,0.004246899195493984,3.408392397047591,0.11442244585156383,0.03029290183996746,0.0003921556964392799,jp_jsd_bhz_2026_04_20_07_52_58,0.08875774668301942,85833.11330049261,0.3198209129073746,0.03191050498677473,330953.68472906406,0.053353310967069474
0.6687769071020239,0.689037510155414,0.6698784538193069,0.5808174014091492,1.3002914190292358,1.0096081893186393,1.537951523882191,0.25912988028402406,0.6687769071020239,0.27608341095004524,0.28231389894940667,0.7269652872972681,0.21875,0.788950128016735,0.2439794146117762,0.5927393711729724,0.28586131116008695,0.766583618793085,0.33927587270967996,1.5683033185301412,204.0282372670614,0.024760708406196773,12.141763051143213,0.08761072685353719,-0.1056156471261352,-0.10561466217041016,0.0544947080579052,0.11663206639949784,-0.09668946266174316,-0.11401230096817017,0.8190244670314516,0.758185387328081,0.5992001497240289,0.3832867741584778,2.9169836044311523,1.017536342979935,1.6209439893787625,0.9454972929998441,0.8190244670314515,0.18610849821393521,0.16335932947056248,0.9891234329687653,0.10416666666666667,0.9014277141174111,0.13308381047694187,0.755666254406371,0.21985478748707415,0.8783264665998601,0.22728262495917706,2.1405056811408394,0.02572565306007615,1.5619704347344352e-05,3.1724205051130587,0.08980582524271845,0.0028128047456856646,0.001836132723838091,1.6500894122821064,0.002774591111146584,0.004132159054279327,0.0006754347123205662,0.8189387380241682,0.6915949140229083,0.6402157916152516,0.3007390926571194,4.6329013299624915,1.0124439365715137,1.4667710118745998,0.9270182717596365,0.8189387380241682,0.25066777831419457,0.21086445390174285,1.097081166707672,-0.07666666666666666,0.8935015728734189,0.18057604778142877,0.7683997259802908,0.29615875207998105,0.92557273694732,0.3199755124651228,3.715722346634778,3008.838215277175,0.011409604511291433,12.610603847802194,0.013977369251304453,0.03937347753499171,0.0033386455815296984,3.553751720025548,0.09929396010178776,0.01873870875483411,0.00041437957534356645,jp_jtm_bhz_2024_01_01_07_10_09,0.08485817059907168,119682.13946587537,0.32876048921800843,0.02695277760656517,528580.1394658753,0.03725267930750206
0.7209179773336336,0.7238475167611235,0.7511723549298756,0.7966954112052917,1.1608026027679443,1.0114509702042633,1.706587551117318,0.18272526542878434,0.7209179773336336,0.25785675516056694,0.25622595073472915,0.8371310699082986,0.16666666666666666,0.8249546176926658,0.2142768088599664,0.6527871388933889,0.2784915305717403,0.8111672161061161,0.3147058174076158,1.9544846896765455,77.06807045609558,0.010113920007361625,45.85489367237469,0.09276997769321611,-0.06941276105929041,-0.06941401958465576,-0.22037683508518366,0.07276305035908644,-0.06619876623153687,-0.07275032997131348,0.7854703172829557,0.622789370196309,0.44439905184585365,0.2588185667991638,4.095935821533203,1.016948642648714,1.3920835756028913,1.1762873619225889,0.7854703172829557,0.1872636051530901,0.11796859332111595,0.9219729960698411,0.041666666666666664,0.8962311515002628,0.1388136742778629,0.6901619576438032,0.21029668147891148,0.8368439915426191,0.22730207716743936,1.8840648324366969,0.010364965387376832,6.8056240232283865e-06,2.9759081783815127,0.09383202099737532,0.002107708101310965,0.0017551608034409583,1.4060945140016528,0.0015358141001876953,0.002958946395665407,0.0009614612790755928,0.8268722104054376,0.6404456450141401,0.5876241518045464,0.24839160041452704,5.577110050826018,1.012590175234082,1.4801378660728433,1.0019287127093635,0.8268722104054377,0.24232266019626816,0.207002488075228,1.13961477738974,-0.105,0.899446795258348,0.17188350026158736,0.7771950909026298,0.288819602347077,0.9292162496717217,0.30898380258086505,3.7537963253865394,673.850112859933,0.0027631416316820493,14.988124524533692,0.013548090801732056,0.01784367761936677,0.0012119976094709006,3.883427073164433,0.049444246079836725,0.008199867910586045,0.00011918888152852704,jp_jtm_bhz_2026_04_20_07_52_58,0.12976121012701994,192959.41312741314,0.34166157332180497,0.03632921393539154,661806.8494208495,0.03464909300903594
0.6341176937600627,0.5938486993796779,0.633467335064551,0.46560523436774776,1.2592834278153477,1.0084521084436964,1.4239693864213554,0.29676355125895104,0.6341176937600626,0.2814572065737447,0.28403482961432724,0.6693541857260752,0.3125,0.768555465778003,0.2580872208830891,0.5513207429222253,0.2833363186314175,0.7332564164040275,0.3476107835000458,1.2245366750603033,221.02484866969976,0.026375280270847228,7.414231594014195,0.08316430020283976,0.04242559379980857,0.04242722587426195,0.015468136796530727,0.1567552303081938,0.0652921471353538,0.018802913315778325,0.8693530519278913,0.8257012839114497,0.6901495213761486,0.44922000400462264,2.8364800788965097,1.0200122417658548,1.7691314294269274,0.7891776867465781,0.8693530519278911,0.14469572605870315,0.12477917715521596,1.0898557843943661,0.052083333333333336,0.9305172087716816,0.097513962699925,0.8193408222623946,0.1795526555241606,0.9147160053049329,0.1762240698370372,2.4622957029637016,0.04622846701214545,2.7599084783370416e-05,6.929497745859333,0.07995226730310262,0.0031285956389152936,0.001432965777855579,2.450159470769871,0.004218353574224546,0.003868478056118239,0.0005281328142021094,0.8194502139547664,0.6975355451702763,0.6610479406617509,0.3247862353458597,4.269496506319407,1.0124440385209237,1.464695501550916,0.898163828959876,0.8194502139547665,0.2507067605448004,0.21723627291130918,1.1014476583411448,-0.11166666666666666,0.8936982926306192,0.1802129721252619,0.7696026806579906,0.29666641782081965,0.9260756053185848,0.3202003493321922,3.7226505311853675,4788.107540620034,0.017853349070699742,12.667355921845688,0.015753639183868275,0.049962019967688155,0.0032808591584600616,3.544127087596137,0.1239236824104471,0.0286697280284089,0.0002702660634768738,kn_tkm2_bhz_2015_12_07_07_50_05,0.06834978794092537,54766.935162094764,0.3212231267218487,0.02958314935852389,241556.37157107232,0.05121140427061184
0.6765731014019927,0.6349268644299585,0.6975447535427907,0.5275600712867774,1.3465864217436077,1.009708051389854,1.5357084842728381,0.2903636453211628,0.6765731014019927,0.26840385907701886,0.25885556696056267,0.7423000692514755,0.28125,0.8015565703926562,0.2332372249684458,0.5956710004181953,0.27891981719428677,0.7688604509869519,0.3296124218935772,1.4303446622748255,92.93648012794843,0.011914933349736978,21.76518068410177,0.08588642481733111,0.020495974625768403,0.020497572362154548,-0.07025524184404319,0.1072069074926356,0.02891020527795729,0.011594099089749843,0.8320852937476074,0.6418999505261775,0.5095644202998513,0.2597273294324233,4.364708490376045,1.0182712132589207,1.528761769533586,1.1332504041114013,0.8320852937476074,0.1692962451837824,0.13241211554512156,1.0211374505145805,0.125,0.9125880573871243,0.12014322422664686,0.7639972125113275,0.20045129292075511,0.883299483047773,0.20516790610923114,2.1170652235060547,0.021762173666783277,1.3959059439886643e-05,6.575442390124074,0.08012820512820513,0.002493418116294871,0.001411990372052049,2.308337492214652,0.0027808231555051482,0.0032032852502766793,0.0007519101845501681,0.8279112558511605,0.6894057740721827,0.6265615042198662,0.29205811655711134,4.758446033007826,1.0125986995159082,1.5041067672658004,0.9588713109424313,0.8279112558511605,0.2416643830571489,0.2026816289359824,1.1453359128363112,-0.115,0.8997256019183334,0.17164527588134354,0.7786076936158559,0.28799172146876895,0.9297943092417724,0.30763835870823397,3.783932124550843,1298.3622903094529,0.005201126023248126,13.853945998179526,0.015867356749134726,0.027475406370203407,0.002847342978574844,3.671025303078725,0.0666798862691505,0.01737039643112515,0.00031841248970077284,kr_boom_bhz_2024_01_22_18_09_04,0.11444323545953032,82331.8024691358,0.338515470202713,0.029759183051364123,645302.3549382716,0.04130545639979602
0.6657576555241771,0.6437029205308368,0.6690734433478964,0.5165340712185157,1.2884173476126561,1.0095259881328296,1.5070746320669013,0.2977439761026154,0.6657576555241772,0.27701615410338126,0.28127592952574143,0.7164656849357384,0.3125,0.786409681382823,0.24601706133857124,0.5894031152327729,0.28599745740005844,0.7639795994526231,0.34036460017288206,1.3749952822956049,72.90812979227468,0.009347196127214703,20.231308621351197,0.08845019869247532,0.03663833893909808,0.03663693976709581,-0.2574771609703736,0.0894630093509973,0.04463046646276858,0.028405306866459368,0.8313695173876653,0.7491753354471785,0.6002235911367548,0.352816206087447,3.45413957834293,1.0182395197261112,1.6229669219848597,0.9011125722638859,0.8313695173876653,0.17262587209704097,0.13639634312300125,1.0208031520522334,0.0625,0.9110086020182896,0.12174296137459678,0.7663915420986466,0.2054883701949498,0.8847165983168235,0.21019950185975553,2.2479118666441185,0.014212449919953142,9.116388659366992e-06,4.40237144343698,0.08846153846153847,0.0020114705225847407,0.001188513373691394,1.9880818869869272,0.0022504513230139976,0.0027542689670309404,0.00044904727399847717,0.8201608827190933,0.6886858439294782,0.6420062231488053,0.3051632427816355,4.532076189528845,1.012472896980484,1.4761364410702094,0.9278415290389278,0.8201608827190933,0.249456924765406,0.21332497610039444,1.1157248946982328,-0.10166666666666667,0.8945218246353862,0.17901349269874092,0.7699235721805437,0.29535293611522245,0.9262095023880547,0.3185913822745753,3.758521883325903,1230.9970592101788,0.004931266786617763,12.327950855349737,0.014817811818997564,0.02631518186546534,0.0020041413879265794,3.500438701398712,0.06510574656556822,0.013929694190915224,0.00018129268204803673,kr_btk_bhz_2015_12_07_07_50_05,0.14944995569973718,99892.48936170213,0.3414325440452324,0.0348943561127484,622857.9452887538,0.03756373937677054
0.7800094208776972,0.7267863064023192,0.7965620506225716,0.7245707659999089,1.2730173953053083,1.0138071935270465,1.7912513758602637,0.19114605959231903,0.7800094208776972,0.23504634050220838,0.2535900655892613,0.8963839278616854,0.23958333333333334,0.8586753959138677,0.18210243134941057,0.7326069213631512,0.2693151340420099,0.8642133113370266,0.286170515216158,1.9067903717353971,95.08306780980311,0.012543940344301202,20.514043856459494,0.09985490040891704,-0.02539112141532923,-0.025391291679756067,0.137069810479827,0.10907601313977834,-0.0168078287956549,-0.03356071934507243,0.8516164819322002,0.7099099092730067,0.5288143010895089,0.3448163774744143,3.411916310197263,1.0193730151913285,1.5405014384876432,1.0631105383858288,0.8516164819322002,0.15494640649166916,0.11159234003012693,1.0677750878356742,0.010416666666666666,0.9231028023231547,0.10703160572883025,0.7904838032719744,0.18762622302600182,0.8986798251736761,0.18807532394662407,2.2083760166494226,0.023592665948940324,1.5572716797980413e-05,3.96223860943721,0.10224274406332454,0.0031605757144580974,0.002524318824191932,1.780213075278831,0.002360763798122588,0.003972662874741824,0.0015776485390720698,0.818614721446645,0.6273840406465002,0.5675918555323122,0.24104919032490257,5.695081537918841,1.0124221985429418,1.4909047795037276,0.9492084698852381,0.818614721446645,0.2498586304473556,0.21395396166478198,1.103362079133728,-0.1,0.8942421739855123,0.17927448004155142,0.7672168213784881,0.29545297754581046,0.9250768360086103,0.3195133205878594,3.7465608540068045,1890.1621807278054,0.007791559376596022,10.254635567505575,0.015622938926263026,0.03729133790367528,0.005628537697076212,3.189522443001978,0.08000552090945431,0.027724278064225505,0.0008099649946777234,kr_drk_bhz_2015_12_07_07_50_05,0.1584127130481815,115360.14040114613,0.3377394274267042,0.040155663746603065,692401.8338108882,0.03998288194656722
0.5922449620527775,0.5661813628031075,0.5952457196272866,0.4734209294933874,1.1934386024241461,1.0073138466030016,1.4197400621394958,0.3017934463050068,0.5922449620527775,0.28514310203929266,0.29878054548510463,0.5984725055347259,0.3645833333333333,0.7409698185151915,0.27527672346741605,0.5043836724425559,0.27812817695974207,0.6927402089151378,0.354530181817474,1.1879968088774566,95.61693029531537,0.012353608565286224,35.86854097007893,0.0775093657150239,0.06969257192372853,0.06969235739291046,-0.4469585687900661,0.08657342615761782,0.07658897240342255,0.06311142776737588,0.824929446695903,0.6356818454176801,0.49950142575266887,0.2275008673286422,5.099719334382424,1.018010208220981,1.4730278892976143,1.1236512811061248,0.824929446695903,0.16832878019845351,0.10668353820979401,1.015130196802306,0.052083333333333336,0.9126785631904271,0.1197711582252756,0.7478655676989299,0.197286509181141,0.8736099251036282,0.2040694377752781,2.027046062696547,0.014596855875527415,9.435588801245906e-06,4.77774748047529,0.0755813953488372,0.0017770104317369182,0.0007571693459184122,2.241402429581454,0.0025043417069444025,0.002111950462264555,0.00023087830063262603,0.8167063575101313,0.6892674660448457,0.6538968901764536,0.3135524449823717,4.39268133956813,1.0124130372877467,1.469463332675632,0.9305434221252838,0.8167063575101313,0.2526917313603477,0.21802710060043026,1.1013135793811757,-0.10166666666666667,0.8924134280625206,0.18185022279033486,0.7660651838469539,0.2985453516778707,0.9245926920738048,0.32343488435295753,3.7201528880744466,628.7679233327956,0.002538312482420222,15.385255318680763,0.015295988890324248,0.017469577776536738,0.00095859496880536,3.8908330705816256,0.047255857707791116,0.00809384924535538,7.538137556059128e-05,kr_pdgk_bhz_2024_01_22_18_09_04,0.11143375676847478,83827.75562700964,0.3153916936342676,0.027760258888969304,835167.691318328,0.04269626244491594
0.7273085925380227,0.736275378384355,0.7716852317465908,0.6709311499630364,1.3475272209387288,1.0115376960830202,1.6440449232203074,0.2352080563453156,0.7273085925380228,0.25454516146625167,0.24858429273743993,0.8197106946038395,0.25,0.8308208111552106,0.20845238396057883,0.6599157356090538,0.27704073538155416,0.8161830191663247,0.31125127539682756,1.8621917714674516,88.09883236880097,0.011684195274376787,21.003644751022524,0.09508022808646067,-0.04594673218340919,-0.04594608589012106,-0.055808064455788016,0.09783426625429398,-0.03708317917181814,-0.05515045092415838,0.8728741132175623,0.7650183859423542,0.6017502367469827,0.42846736910128946,2.8969374101332463,1.0206281685573662,1.5895623456783787,0.9903197600283715,0.8728741132175624,0.1317569316414699,0.07970028505275338,1.0934591603858113,0.03125,0.9374439164470182,0.0886994779809603,0.8122813891574368,0.16224166372638704,0.9108606696143845,0.1594394787128074,2.333331352690668,0.01865490302847355,1.2378834126392536e-05,2.4755174516241585,0.10278514588859416,0.002759905815675669,0.0022110497109307844,1.4716714695764517,0.0021802626536833293,0.003684662710294326,0.001167979424456846,0.8267057069316263,0.6647404737207706,0.6040791878550762,0.2698869551635305,5.10657650791059,1.0125964782524473,1.475066489752384,0.9400595901191083,0.8267057069316264,0.24186237318230727,0.20425144524394837,1.142634793591336,-0.11,0.8994607406783308,0.1720006601830882,0.7763901420534242,0.28780880108356965,0.9288859764396676,0.30806230597216977,3.688320844919857,1740.7611808649735,0.007213766388042706,10.390867942113992,0.015440591433496884,0.03426596491576832,0.004013613289411359,3.2441599642787313,0.07771473568438804,0.02254191083617578,0.00048048211983909564,kr_prz_bhz_2024_01_22_18_09_04,0.14628950467227675,302432.9452887538,0.32023909609113,0.04145379292504689,682659.7325227964,0.03607990378692323
0.6950630451833146,0.667583652052992,0.6972925802266056,0.5758658647537231,1.250372290611267,1.0104185029664607,1.5965066929539249,0.25187504246156933,0.6950630451833146,0.26500365647872676,0.2655910081890065,0.774829446222675,0.25,0.8120016736932102,0.22458022119632678,0.6196806192625448,0.2804151771338988,0.7871135679547342,0.32527360528302157,1.4772733172093813,129.53188220234898,0.01669440420187511,15.13960086394092,0.09097938144329897,-0.055788161713130696,-0.05578887462615967,0.06765004459026873,0.11653297333285985,-0.05179107189178467,-0.059655725955963135,0.7645322704992822,0.708489853529682,0.52726595384492,0.3001878261566162,3.110264778137207,1.0153772316357812,1.5100282739560495,0.9376250345365461,0.7645322704992821,0.22015375109548715,0.19824773028238454,0.8971946456893374,0.22916666666666666,0.8664112135649504,0.1733738217545423,0.6872407114202342,0.24502109060522742,0.8348915510058501,0.2675822494422214,1.7403938240143026,0.026232114387262667,1.6902135558803266e-05,3.835702768259133,0.0849967804249839,0.002878497371024369,0.0018864889862015843,1.8226518742932132,0.002933514088109395,0.0038890461437404156,0.000756906985770911,0.8176830262233746,0.6670128532788564,0.6090729182112802,0.26920358169881564,5.102597681434015,1.0124100985842492,1.4784927188802506,0.9438687160947403,0.8176830262233745,0.25122393994223124,0.2166981127651938,1.1026388253229442,-0.11,0.8933259093038104,0.180595826987331,0.766589667690081,0.29684210371177383,0.9248133485519865,0.32130654278682974,3.717558454937683,2231.1131007597164,0.008984866646369051,13.907478249785946,0.013454413659793815,0.03318937627994873,0.0018341936118246027,3.723191330743328,0.08878792578894541,0.013874532301549313,0.00021963360776749866,ps_inu_bhz_2024_01_01_07_10_09,0.131759404035536,250076.83858267716,0.3571517143034286,0.045973091946183896,1127641.590551181,0.027264782988639675
0.6170873704753204,0.6423115146304943,0.6845958221141717,0.511763334274292,1.334099292755127,1.0080204210998387,1.4828368146334379,0.2816613453613754,0.6170873704753203,0.28093931239963493,0.2850864664407997,0.6619560240192788,0.25,0.761431450414351,0.262313476793402,0.5292642250330674,0.27858332549753756,0.71459321156363,0.3476580422350195,1.3983216865133001,179.25538531168672,0.0226361138163514,9.204150704542439,0.08156565656565656,0.012987297502431003,0.012989044189453125,0.23486490428861181,0.14988190626208325,0.022270023822784424,0.0037672221660614014,0.778188855741552,0.7864119211436139,0.625200115726532,0.3997344374656677,2.6685338020324707,1.0159831534357255,1.6723737839395603,0.7877615414380345,0.7781888557415522,0.22165598718757745,0.21438419196484942,0.9046468541780323,0.22916666666666666,0.8694672103210638,0.16982843553213411,0.7141083073967002,0.25157031947602315,0.8525116481494589,0.2698090168726697,2.0892204256089717,0.04200175566754993,2.6516259891130004e-05,4.979690473818735,0.09085173501577287,0.00341462502449411,0.0019728296902030706,2.1359806979298597,0.003852254707534278,0.00417134165763855,0.0009350067703053355,0.8167862200268258,0.6970718836438126,0.6527260568625093,0.3153715240601261,4.426676740582431,1.0124297477981756,1.4828508821091926,0.9121808192299619,0.8167862200268258,0.2530902568513607,0.21380611008274175,1.102637824645887,-0.10166666666666667,0.8921914072776383,0.18218532334902843,0.7665255897209506,0.2990352717976363,0.924786405054993,0.3238627912353064,3.7808762826432094,4295.417052874328,0.016948524311074176,11.601595488360326,0.013727114898989898,0.04811658540720731,0.002253212246422525,3.4160704790045346,0.12096797777061864,0.02136247739511497,0.00013999733223006697,ps_jay_bhz_2023_04_02_18_04_11,0.07443552469558427,138794.37466307278,0.3166425701644132,0.027135809824107644,423361.935309973,0.04594878989828131
0.7226544365533646,0.7234987158890807,0.734272287187236,0.6521038658800724,1.3314456796707455,1.0113630137876366,1.6253073010410912,0.24730852977609738,0.7226544365533646,0.2563449872356941,0.25596140677982243,0.8150781270825846,0.21875,0.8280471210657252,0.2109172653095891,0.6541593044913938,0.2778317084913538,0.8121371161825711,0.3135759646483217,1.8095496440844538,113.58248340729078,0.014984496491727017,19.292184455119163,0.09286373829310117,-0.07439987618820894,-0.07439921472664313,-0.001136862981566982,0.09719659628385462,-0.06970790885286049,-0.07907522993596972,0.7341368079516357,0.6767992782254818,0.496062944508071,0.3051804874524452,3.019722727774174,1.0139905199183539,1.4573827020120762,1.0392360296876433,0.7341368079516357,0.2255248422196996,0.16846259476875322,0.8490008958141144,0.1875,0.8598868335214452,0.1780246843836456,0.6400205930771304,0.24376934390104618,0.8020412292695986,0.2756932711700804,1.681543707951655,0.01827148177745381,1.2060384011520666e-05,3.7420709641158147,0.09564643799472296,0.002706798709414449,0.002100647357577464,1.66714946208333,0.0021738604738594535,0.0036849832662881983,0.0011584405405112427,0.8237255174775442,0.6741255796800212,0.6053567551027748,0.2670468383794674,5.198688890256529,1.0125144063526923,1.4844570873508725,0.9502944041316141,0.8237255174775442,0.24491372518177149,0.20777387255966837,1.12972063929353,-0.11166666666666666,0.8974083751442231,0.17495970682692483,0.7729662302118646,0.2905582179735112,0.9274740016033225,0.3121909128721215,3.750151822245515,1693.5444721660874,0.0069810688449533885,13.16581932442553,0.013772094710460361,0.030175420216919838,0.002006706291129325,3.6156014882829934,0.0779133113318282,0.01374099097593196,0.00026990247876089554,ta_113a_bhz_2010_04_04_22_40_43,0.15766500580103496,321505.59748427675,0.3329971124559946,0.048811360310114314,1306586.924528302,0.03481331987891019
0.6405506054239956,0.6072817222061085,0.5875849476915992,0.48029081635947907,1.3292515469979178,1.0086143030632708,1.4647812091185133,0.28981341135235267,0.6405506054239954,0.27832283006836034,0.28201149998622876,0.6838186804786386,0.2708333333333333,0.775913631201336,0.25262062597739127,0.5563790416454123,0.2813174353038875,0.7374450911939234,0.34347680140152526,1.2921212488752865,314.1768303316255,0.0385966622029024,9.58067896089972,0.08352782213487286,0.14614880238150274,0.14615051904313403,-0.036703057659486484,0.13127242186802526,0.15960759057308183,0.1318399852872969,0.8166255006496032,0.7961961514890926,0.605392599409978,0.35937797780186914,2.8767628876927516,1.0179532413212118,1.7457208801215132,0.853272338729513,0.816625500649603,0.19793678765703926,0.19603823547217192,0.9613758692609744,0.20833333333333334,0.8932402019182385,0.14295018916718918,0.7640584277332718,0.2347192862792594,0.8833357812787235,0.24200725597835665,2.0281820540376776,0.032440083086151934,1.9938588252090923e-05,6.600311876080745,0.08046683046683047,0.0027975642715319868,0.0013852655542839945,2.366975679698397,0.003478501848304453,0.003545672083921371,0.0006722785225780491,0.8240895653177313,0.6841934109399503,0.6509666689807231,0.3134247690367548,4.455786923957166,1.0125924288702675,1.454193863628877,0.8960154635607651,0.8240895653177311,0.245503163601943,0.2036493516244988,1.1279272445251678,-0.115,0.8973297568859163,0.1749587556280201,0.7743939694604245,0.2918140447122883,0.928064188928484,0.3132129723123305,3.7148485347117104,3096.007211003504,0.011884362698709475,11.82095295185459,0.015127901977644024,0.04136965403286183,0.002622316016314099,3.42851827888724,0.10086064051282999,0.022578031412922465,0.00022317623329126595,ta_x16a_bhz_2010_04_04_22_40_43,0.08749873940846073,160644.55331412103,0.3377903645076365,0.028644038236344458,621905.6167146974,0.03797369040458195
0.7089572213236266,0.6564119413631763,0.7081156121340499,0.543815836483335,1.3754492580196058,1.0108887401700302,1.5123533660486972,0.28553584525448983,0.7089572213236265,0.2613014695954211,0.2591242778327406,0.7941388988609297,0.2708333333333333,0.8193838066360788,0.21858586517978176,0.6373664146172701,0.27980899091704053,0.8001205697228397,0.3200762388101202,1.503575977266361,104.75477340533617,0.01371315269084123,15.208891957156972,0.09240837696335079,0.036779277915227886,0.03677938573171269,0.03850606008293172,0.1111694314620795,0.04181805282094131,0.031909412822468786,0.7644114109617799,0.7209471383565352,0.5269809900787328,0.29506943685677767,3.3430964824758536,1.0152148790273223,1.5462082098579748,1.0218349116720946,0.7644114109617798,0.2144814203525351,0.16851187311531035,0.9048682794668876,0.14583333333333334,0.8739551468294318,0.1636889109482033,0.6809140965883742,0.23910634947355897,0.8306319052199959,0.26197038901497777,1.8116837030181765,0.023741357700679935,1.5537537762225087e-05,5.272342483459759,0.08502289077828647,0.0027474986443927793,0.0017817423352298443,2.1286395581636453,0.002824646361243119,0.0033118719380353075,0.0009385067780407862,0.8221508242006728,0.691726455003422,0.6426185869325335,0.3022099663101848,4.58005910402651,1.0124851794787804,1.4674743483344295,0.9214072937753943,0.8221508242006729,0.24650270811501593,0.21207440460303018,1.1217380933808943,-0.105,0.8963983528398034,0.1763531094001241,0.7712829653027601,0.292147469652818,0.9267755913323898,0.31450424506762,3.672687873231464,2029.1176379881938,0.008299762507160916,14.296767937295279,0.014021596858638744,0.032150584555703736,0.00210190385950629,3.768570730584152,0.0852412369176536,0.014845267552066853,0.000248393936663582,ta_y12c_bhz_2010_04_04_22_40_43,0.10088529247230388,358338.71126760566,0.3379537790121008,0.03469053759174767,1282389.352112676,0.035618822651830674
0.7105999253212258,0.6412684751385997,0.7114149088898544,0.5501429228044245,1.3702582324103274,1.0107456832624417,1.5466108209641185,0.2704450871295766,0.7105999253212257,0.2545030563535023,0.24187241258747516,0.8019054644689727,0.2604166666666667,0.8270658035987604,0.21110679452078168,0.6326079916468588,0.27202329544401443,0.7966568578047025,0.31167677120324067,1.5090546743044424,125.34388303296623,0.01611103895025273,16.6949851016082,0.0895771751702866,0.043475203423406106,0.04347522286212735,0.19593525865111816,0.11924292463729926,0.049405714334395556,0.03737210899715282,0.750748833241645,0.7196438757347063,0.5135439846208862,0.2858040331818323,3.216107090797909,1.0145362911653886,1.533507845119413,0.9532162838722833,0.7507488332416449,0.2285468518739482,0.18689897179055204,0.8714589746735635,0.22916666666666666,0.8592552860690483,0.17998512326607777,0.6713668123623218,0.25119277133761125,0.8241221956551964,0.2779856312933198,1.756644067674648,0.027163873307176904,1.746872881490476e-05,3.9169722303686765,0.08290488431876607,0.0029107779673116854,0.0017405344593445498,1.9607669068636233,0.0029974778982417676,0.0037213028997351853,0.0009668662970706439,0.8213849782329327,0.6855952472697889,0.6284115671887373,0.29098858455919246,4.7200978109359015,1.012481499909843,1.4724643739722452,0.9309043746033836,0.8213849782329327,0.24763002554653463,0.20903031645928646,1.1186005829499868,-0.10333333333333333,0.895814803299891,0.17709067048075536,0.7707990754774858,0.29356493796299693,0.926574297325247,0.3162746424037772,3.729498779436117,1995.3108663374192,0.008013586299655085,11.68700982915904,0.013795623955789744,0.03395359558249763,0.0022670988977289094,3.4118227625885544,0.08282938767468795,0.01770163381486452,0.0002974190892559591,ta_z14a_bhz_2010_04_04_22_40_43,0.11702250144475573,183576.96794871794,0.32747781065088755,0.02827087442472058,735985.342948718,0.037027686611125134
0.7087188644357022,0.6745809289225836,0.7126371571866872,0.5876581902792212,1.3314959856627728,1.0110693430851718,1.6115672441076336,0.2709902767308641,0.7087188644357021,0.2674569565785015,0.2816477201140243,0.7693085221619663,0.3020833333333333,0.8116799343636776,0.22626863437336173,0.643706838964153,0.28685867689097594,0.8046953280823946,0.3271421745145254,1.6010179354831138,69.07928921145552,0.009019361432491907,37.4060844103278,0.09503916449086162,-0.046345790738348436,-0.04634585500982552,0.3122652829334067,0.08288698119126502,-0.04229502664699897,-0.05069750018915903,0.8622592988890676,0.6125818567615778,0.4425791486751657,0.21739068371248688,5.22296317876041,1.0214431067976237,1.3973269141661204,1.2323034123601635,0.8622592988890675,0.1329028274285849,0.07175789975425845,1.042510797396948,0.0,0.9359666902245842,0.09065960227620817,0.7891483396263103,0.16066547652642593,0.8979197412179628,0.16031600863602757,1.8574286882127085,0.012787590920033776,8.34699146216304e-06,4.946168771155175,0.08545335942596216,0.002075106969534686,0.0013620507773101482,1.947505499131435,0.0020088498334617706,0.002985617841176975,0.0006569792842240251,0.8238247998438748,0.6626509861867659,0.6007192210841364,0.26292977914873,5.283449332879735,1.0125150742675633,1.4926241762478882,0.9721619105155227,0.8238247998438749,0.2453092353895955,0.21054410329104015,1.1266730990082896,-0.105,0.8973311874321748,0.17499741298161728,0.7735199460078274,0.2912759561766866,0.9277031316410163,0.31285191742904983,3.710330795948272,757.2965859673158,0.0030895058562058256,15.992355017184245,0.014013544386422976,0.019266865616786255,0.002121657314207672,3.9931074303995704,0.05213713783337129,0.010158566764096922,0.00026330102319967815,yb_mojj_bhz_2019_07_06_03_19_53,0.18385182301594982,537954.8039215687,0.3216455209534794,0.05162629757785467,1602792.0823529412,0.031863814927979045
0.7471746298421051,0.7388492136449673,0.672504477265098,0.7208335478224203,1.2742224975126282,1.012351789845013,1.7573104717848922,0.2008413472666929,0.747174629842105,0.24909636349843797,0.25674526498386946,0.84181651033143,0.23958333333333334,0.840598603807432,0.19954761288798362,0.6880212970250469,0.27664232041957915,0.8354141498788581,0.3042637967640443,1.9095944465402592,175.72579243491919,0.022943699234223684,34.858615616832935,0.0989556135770235,0.12754046658223395,0.12754046392957985,-0.6355257060136137,0.08169536925195399,0.13202896096159328,0.1231629324949769,0.858029911181418,0.6194922905792744,0.4504440125636865,0.2665360086301308,4.432620124833358,1.0216021327770353,1.4075115255042074,1.1695940857103515,0.8580299111814178,0.13741355551886503,0.07575744987649306,1.0307185962486185,0.020833333333333332,0.9333642823894571,0.09390662723991453,0.7847899699775286,0.16586725345314823,0.8954279077395041,0.16617048531949183,1.9466638200072475,0.013196223239924816,8.613722741465285e-06,2.6486333374829565,0.09458577951728636,0.0023833563313610047,0.0019962990164187774,1.504080878303219,0.0017110571213339871,0.0031514213686119697,0.0011136622310151778,0.8261531070454223,0.6132414720210375,0.5558303503788675,0.22520088473116592,6.081867044064929,1.0125539222873925,1.4865204664907918,0.9859242107259211,0.8261531070454222,0.24266291684435304,0.20449877875440473,1.138794695097129,-0.105,0.8991089367638182,0.17240921746535945,0.7759682462710211,0.2888319107468337,0.928712616823855,0.30934997948832443,3.7258911660816647,913.4321497968875,0.003726484482218382,14.16808008144923,0.013213936031331593,0.022187172991398326,0.0028673549432740196,3.765385136296401,0.05687001524682072,0.01214826147529819,0.0004302544270841669,yb_mojk_bhz_2019_07_06_03_19_53,0.1851860204600281,572187.1570881226,0.33553529748535693,0.050571776691475466,1698853.8812260537,0.030697768353024336
0.6758610881023792,0.6711992953245033,0.6828172010758367,0.566480449253009,1.2844474984956433,1.009817948352667,1.5704343340064641,0.2593451964477148,0.6758610881023792,0.2738886076383764,0.28088765745355604,0.7310485725357085,0.3020833333333333,0.7938190926164537,0.24040722077980642,0.6004433367838571,0.2846608482583266,0.7725442455051821,0.3356600448371946,1.4675447274136704,147.48318897897246,0.019253680023364552,21.36499686624842,0.08993603968150372,-0.07986199219750142,-0.07986239613349733,0.5134017181589804,0.11346025303362677,-0.07387149749793287,-0.08635964124100182,0.8402513044684677,0.6971111465212888,0.49965932232567944,0.26833904644905565,3.9117307297556545,1.020116483364014,1.473907519289272,1.0175153682048157,0.8402513044684675,0.15291428264652104,0.08420771117320514,1.0002148928365213,0.0625,0.9232718106115002,0.1066865821761448,0.7631650635262305,0.18151468984675825,0.8828057008728298,0.18515202396501051,1.8211461244811304,0.024756669301864258,1.6170260811145825e-05,2.6412693202972077,0.08289817232375979,0.0028684129294762675,0.001803150743768728,1.6410103762725796,0.0028163652242970435,0.003982633738907959,0.000878179665532819,0.8232685803663108,0.6684093172632402,0.6147919264510501,0.2737453154457398,4.999327587121856,1.0125110949590221,1.4771921617162869,0.9529560304344834,0.8232685803663107,0.24613579555729895,0.21073985083304156,1.1312499157341365,-0.10166666666666667,0.8967410020860174,0.17588946157101473,0.773182569792155,0.29209024978268944,0.9275635600260056,0.3138830965009719,3.6920766933781204,1582.8290088696333,0.006456547225463626,15.705527113456789,0.013885263020493407,0.027562900930145767,0.0025505857490294055,3.954350832714893,0.07547719775444935,0.013343280274361515,0.00033083902365006144,yb_mojm_bhz_2019_07_06_03_19_53,0.15362740673555925,140074.78867924528,0.3286436454254183,0.044927020291918834,829273.9018867925,0.0323606693403402
0.7057168368357624,0.6125546517957668,0.6518502269701616,0.543336124749689,1.399205222451938,1.0107249535178315,1.5250928025000123,0.28742332319734926,0.7057168368357624,0.26128426894780643,0.251650210861836,0.7894030566010513,0.25,0.8183004512247586,0.21952905207372445,0.632156768409934,0.2785400716423999,0.7963270455753676,0.31980753668620354,1.5597321375173332,110.35014576969299,0.014370379706953117,36.04768375777828,0.09114583333333333,-0.08481592374017222,-0.08481562923190245,0.5544155898783902,0.08470400016447512,-0.08071977049766049,-0.08899617919225924,0.8535159935268848,0.5644337764029203,0.4317609802004683,0.19330952690674677,5.379016893960952,1.0210331495174365,1.3584323084476808,1.199130018326027,0.8535159935268848,0.1405770145351785,0.07416758040154366,1.029814456911084,0.010416666666666666,0.9313846849493921,0.0963600212390566,0.7784260761088075,0.16909739768853932,0.8917583087052183,0.17025377895252866,1.6914656454598447,0.013714966560245618,8.929014687659907e-06,8.029232211565024,0.08392973324658426,0.0019658340357145507,0.0012059255659149035,2.637294855351189,0.002249155809015826,0.0022311051601535134,0.0006556104586933194,0.8239830057228666,0.6806034406093003,0.6162727823454804,0.27712560437834677,4.98611941531916,1.012561842604144,1.4837483102182087,0.9655986818080537,0.8239830057228668,0.2457560461720162,0.20983257085181928,1.1340030977494733,-0.11166666666666666,0.8971776899868513,0.17517075533553747,0.7744258998646794,0.29218412742493693,0.9280773650155576,0.31362692631071315,3.7014638922622165,631.8616433306933,0.002571062070283055,15.480729111288305,0.013956705729166666,0.017719320865776527,0.0019481558623337522,3.9306813381867083,0.04750870737728365,0.008947741360225421,0.0002708028542178824,yb_mojp_bhz_2019_07_06_03_19_53,0.16040297167812714,317367.75,0.33566717128027684,0.04955125432525952,1353234.4779411764,0.032335084248584486
0.6828448936978918,0.7126093127674381,0.7385130321275571,0.6240056703977664,1.3135758265049755,1.0099149961433445,1.6106367235717194,0.23063306663160135,0.6828448936978918,0.2704584272895815,0.26860759391179545,0.7460871858006276,0.28125,0.8009309595793344,0.2343248335291556,0.6070763251389393,0.2829374776677511,0.7776181129403771,0.331710297580056,1.6963093131060083,206.09277505370548,0.02465224581982123,7.380548833565433,0.0880277478770482,-0.06761659932114716,-0.06761945161947758,-0.11991637250745951,0.1416943641628759,-0.03265753527214588,-0.10057501997586438,0.9487031333499643,0.8738468466322354,0.7041949045335485,0.5944087423985306,2.5987998704824298,1.026787073682977,1.783168097153729,0.8224931357004702,0.948703133349964,0.06029656067635292,0.028158993402046396,1.2021507471075508,0.03125,0.9749345430739111,0.037271228139390704,0.9223348872480193,0.08080511859926424,0.9663115975937884,0.07286481505364287,2.8586827034235416,0.039325614075813,2.353417957858348e-05,2.6104351002347483,0.1076555023923445,0.003721337143206073,0.0027462605726814985,1.5330925311462846,0.003109944369104246,0.005158425146167825,0.0014386187771992512,0.8198323868734697,0.6753026726361226,0.620229061897315,0.29428205788568973,4.703633819659106,1.01244809810608,1.4830107225063647,0.9253035586109576,0.8198323868734698,0.24980728430581786,0.2127003937601353,1.0995579183498891,-0.10166666666666667,0.8943339433674855,0.17924170454174784,0.7695850924974851,0.2957743595141955,0.9260682634065327,0.31917735002293,3.7706767325615105,5089.630859992243,0.019023030599744507,7.826662895520871,0.018527239564645376,0.06298199868631252,0.010922109756535176,2.8311277168961455,0.1227038195856597,0.05754497879322487,0.00135331170281966,yc_sba8_bhz_2018_09_28_10_02_43,0.05860052632474299,23842.045787545787,0.31717183914986113,0.025084195413865744,115929.2271062271,0.06994485556730193
0.7031387338117902,0.7186701281685591,0.7334421403751414,0.6453451546290341,1.3137470433269707,1.0105614915469525,1.6422300959867586,0.21973174099872272,0.7031387338117902,0.26394231330159357,0.2611581475911907,0.7773958119185742,0.22916666666666666,0.8141423117160653,0.22352921335251785,0.6309345509656382,0.28072767214618105,0.7954325024947392,0.3228143247286539,1.7370608016416385,266.52981507195074,0.03203483354230177,6.698922510440532,0.0904939310179065,-0.10403272900616004,-0.10403127809341339,0.10254771984433608,0.14563026800767878,-0.06511003420077555,-0.14328035521404303,0.9864599702491244,0.8924082688174837,0.7599261982433252,0.779022024518239,2.2298643489521375,1.0315691812315944,1.8502381445862193,0.8611541418274451,0.9864599702491244,0.01675251260151833,0.011945286902123823,1.2944714249315101,0.0,0.993463391752342,0.009944308315283036,0.9790357217368202,0.023422044983673052,0.9913121146076295,0.02020487700865614,3.105936880439357,0.041702319565926564,2.5076560171934194e-05,2.8761812125462294,0.11117788461538461,0.003832057202862888,0.00270715616818436,1.6456826669032458,0.0032213083860041405,0.0050728483693231585,0.001580517066839409,0.820335765477532,0.6696913774997066,0.616753946998679,0.2965473686110451,4.638230979294802,1.0124617596400027,1.4933999283204507,0.9353598033436346,0.8203357654775321,0.24912324841133457,0.21312481777071715,1.099745259440588,-0.09333333333333334,0.8947538772311,0.17867056007018078,0.7699074703008474,0.29495158484687134,0.9262027860744457,0.31813428727918175,3.7678414766222375,5564.231247174945,0.020896872912089356,6.733218398107249,0.01945003605335897,0.07074126457852802,0.015833862783129142,2.622985276991846,0.12606533194537306,0.07463372625206269,0.0020123268649459,yc_sba9_bhz_2018_09_28_10_02_43,0.09783823190241844,24663.946859903383,0.37763360223627673,0.0268877012558312,137613.88888888888,0.06347221888298511
