Event_OriginTime,Network,Station,Channel,Location,Sampling_Rate,NPTS,FilePath,Spec2VecProcessed
2023-04-02T18:04:11.000000Z,AU,MANU,BHZ,1.0,40.0,52601,/data/sswar_files/PRJ_GIS_QA/esce_catalog_test/final_test_results_for_production/eq_processed_vel/au_manu_bhz_2023_04_02_18_04_11.sac,True
2020-07-22T06:12:44.000000Z,AV,AKRB,BHZ,,50.0,65600,/data/sswar_files/PRJ_GIS_QA/esce_catalog_test/final_test_results_for_production/eq_processed_vel/av_akrb_bhz_2020_07_22_06_12_44.sac,True
2020-07-22T06:12:44.000000Z,AV,DT1,BHZ,,50.0,64301,/data/sswar_files/PRJ_GIS_QA/esce_catalog_test/final_test_results_for_production/eq_processed_vel/av_dt1_bhz_2020_07_22_06_12_44.sac,True
2020-07-22T06:12:44.000000Z,AV,DTN,BHZ,,50.0,64351,/data/sswar_files/PRJ_GIS_QA/esce_catalog_test/final_test_results_for_production/eq_processed_vel/av_dtn_bhz_2020_07_22_06_12_44.sac,True
2020-07-22T06:12:44.000000Z,AV,PLK5,BHZ,,50.0,64801,/data/sswar_files/PRJ_GIS_QA/esce_catalog_test/final_test_results_for_production/eq_processed_vel/av_pkl5_bhz_2020_07_22_06_12_44.sac,True
2020-07-22T06:12:44.000000Z,AV,PN7A,BHZ,,50.0,64250,/data/sswar_files/PRJ_GIS_QA/esce_catalog_test/final_test_results_for_production/eq_processed_vel/av_pn7a_bhz_2020_07_22_06_12_44.sac,True
2019-07-06T03:19:53.000000Z,AZ,SIO5,BHZ,,40.0,51840,/data/sswar_files/PRJ_GIS_QA/esce_catalog_test/final_test_results_for_production/eq_processed_vel/az_sio5_bhz_2019_07_06_03_19_53.sac,True
2011-03-11T06:15:37.000000Z,G,INU,BHZ,0.0,20.0,26000,/data/sswar_files/PRJ_GIS_QA/esce_catalog_test/final_test_results_for_production/eq_processed_vel/g_inu_bhz_2011_03_11_06_15_37.sac,True
2018-09-28T10:02:43.000000Z,GE,BKB,BHZ,,20.0,26167,/data/sswar_files/PRJ_GIS_QA/esce_catalog_test/final_test_results_for_production/eq_processed_vel/ge_bkb_bhz_2018_09_28_10_02_43.sac,True
2018-09-28T10:02:43.000000Z,GE,LUWI,BHZ,,20.0,26382,/data/sswar_files/PRJ_GIS_QA/esce_catalog_test/final_test_results_for_production/eq_processed_vel/ge_luwi_bhz_2018_09_28_10_02_43.sac,True
2011-03-11T06:15:37.000000Z,II,ERM,BHZ,0.0,20.0,26560,/data/sswar_files/PRJ_GIS_QA/esce_catalog_test/final_test_results_for_production/eq_processed_vel/ii_erm_bhz_2011_03_11_06_15_37.sac,True
2015-12-07T07:50:05.000000Z,II,NIL,BHZ,0.0,20.0,26280,/data/sswar_files/PRJ_GIS_QA/esce_catalog_test/final_test_results_for_production/eq_processed_vel/ii_nil_bhz_2015_12_07_07_50_05.sac,True
2024-01-22T18:09:04.000000Z,II,SIMI,BHZ,0.0,40.0,54000,/data/sswar_files/PRJ_GIS_QA/esce_catalog_test/final_test_results_for_production/eq_processed_vel/ii_simi_bhz_2024_01_22_18_09_04.sac,True
2010-07-23T22:51:13.000000Z,IU,DAV,BHZ,0.0,20.0,26400,/data/sswar_files/PRJ_GIS_QA/esce_catalog_test/final_test_results_for_production/eq_processed_vel/iu_dav_bhz_2010_07_23_22_51_13.sac,True
2015-12-07T07:50:05.000000Z,IU,KBL,BHZ,,40.0,52600,/data/sswar_files/PRJ_GIS_QA/esce_catalog_test/final_test_results_for_production/eq_processed_vel/iu_kbl_bhz_2015_12_07_07_50_05.sac,True
2011-03-11T06:15:37.000000Z,IU,MAJO,BHZ,0.0,20.0,25780,/data/sswar_files/PRJ_GIS_QA/esce_catalog_test/final_test_results_for_production/eq_processed_vel/iu_majo_bhz_2011_03_11_06_15_37.sac,True
2024-01-01T07:10:09.000000Z,IU,MAJO,BHZ,0.0,40.0,51040,/data/sswar_files/PRJ_GIS_QA/esce_catalog_test/final_test_results_for_production/eq_processed_vel/iu_majo_bhz_2024_01_01_07_10_09.sac,True
2025-12-08T14:15:10.000000Z,IU,MAJO,BHZ,0.0,40.0,62480,/data/sswar_files/PRJ_GIS_QA/esce_catalog_test/final_test_results_for_production/eq_processed_vel/iu_majo_bhz_2025_12_08_14_15_10.sac,True
2026-04-20T07:52:58.000000Z,IU,MAJO,BHZ,0.0,40.0,52760,/data/sswar_files/PRJ_GIS_QA/esce_catalog_test/final_test_results_for_production/eq_processed_vel/iu_majo_bhz_2026_04_20_07_52_58.sac,True
2023-04-02T18:04:11.000000Z,IU,PMG,BHZ,0.0,20.0,26660,/data/sswar_files/PRJ_GIS_QA/esce_catalog_test/final_test_results_for_production/eq_processed_vel/iu_pmg_bhz_2023_04_02_18_04_11.sac,True
2025-12-08T14:15:10.000000Z,II,ERM,BHZ,0.0,20.0,25520,/data/sswar_files/PRJ_GIS_QA/esce_catalog_test/final_test_results_for_production/eq_processed_vel/jp_erm_bhz_2025_12_08_14_15_10.sac,True
2025-12-08T14:15:10.000000Z,JP,JEM,BHZ,,20.0,25521,/data/sswar_files/PRJ_GIS_QA/esce_catalog_test/final_test_results_for_production/eq_processed_vel/jp_jem_bhz_2025_12_08_14_15_10.sac,True
2026-04-20T07:52:58.000000Z,JP,JEM,BHZ,,20.0,25701,/data/sswar_files/PRJ_GIS_QA/esce_catalog_test/final_test_results_for_production/eq_processed_vel/jp_jem_bhz_2026_04_20_07_52_58.sac,True
2024-01-01T07:10:09.000000Z,JP,JGF,BHZ,,20.0,25681,/data/sswar_files/PRJ_GIS_QA/esce_catalog_test/final_test_results_for_production/eq_processed_vel/jp_jgf_bhz_2024_01_01_07_10_09.sac,True
2011-03-11T06:15:37.000000Z,JP,JHJ2,BHZ,,20.0,25981,/data/sswar_files/PRJ_GIS_QA/esce_catalog_test/final_test_results_for_production/eq_processed_vel/jp_jhj2_bhz_2011_03_11_06_15_37.sac,True
2024-01-01T07:10:09.000000Z,JP,JHJ2,BHZ,,20.0,26361,/data/sswar_files/PRJ_GIS_QA/esce_catalog_test/final_test_results_for_production/eq_processed_vel/jp_jhj2_bhz_2024_01_01_07_10_09.sac,True
2025-12-08T14:15:10.000000Z,JP,JKA,BHZ,,20.0,25941,/data/sswar_files/PRJ_GIS_QA/esce_catalog_test/final_test_results_for_production/eq_processed_vel/jp_jka_bhz_2025_12_08_14_15_10.sac,True
2026-04-20T07:52:58.000000Z,JP,JKA,BHZ,,20.0,26161,/data/sswar_files/PRJ_GIS_QA/esce_catalog_test/final_test_results_for_production/eq_processed_vel/jp_jka_bhz_2026_04_20_07_52_58.sac,True
2025-12-08T14:15:10.000000Z,JP,JSD,BHZ,,20.0,36001,/data/sswar_files/PRJ_GIS_QA/esce_catalog_test/final_test_results_for_production/eq_processed_vel/jp_jsd_bhz_2025_12_08_14_15_10.sac,True
2026-04-20T07:52:58.000000Z,JP,JSD,BHZ,,20.0,26181,/data/sswar_files/PRJ_GIS_QA/esce_catalog_test/final_test_results_for_production/eq_processed_vel/jp_jsd_bhz_2026_04_20_07_52_58.sac,True
2024-01-01T07:10:09.000000Z,JP,JTM,BHZ,,20.0,26241,/data/sswar_files/PRJ_GIS_QA/esce_catalog_test/final_test_results_for_production/eq_processed_vel/jp_jtm_bhz_2024_01_01_07_10_09.sac,True
2026-04-20T07:52:58.000000Z,JP,JTM,BHZ,,20.0,25621,/data/sswar_files/PRJ_GIS_QA/esce_catalog_test/final_test_results_for_production/eq_processed_vel/jp_jtm_bhz_2026_04_20_07_52_58.sac,True
2015-12-07T07:50:05.000000Z,KN,TKM2,BHZ,,40.0,52761,/data/sswar_files/PRJ_GIS_QA/esce_catalog_test/final_test_results_for_production/eq_processed_vel/kn_tkm2_bhz_2015_12_07_07_50_05.sac,True
2024-01-22T18:09:04.000000Z,KR,BOOM,BHZ,,50.0,64501,/data/sswar_files/PRJ_GIS_QA/esce_catalog_test/final_test_results_for_production/eq_processed_vel/kr_boom_bhz_2024_01_22_18_09_04.sac,True
2015-12-07T07:50:05.000000Z,KR,BTK,BHZ,,40.0,51601,/data/sswar_files/PRJ_GIS_QA/esce_catalog_test/final_test_results_for_production/eq_processed_vel/kr_btk_bhz_2015_12_07_07_50_05.sac,True
2015-12-07T07:50:05.000000Z,KR,DRK,BHZ,,40.0,51161,/data/sswar_files/PRJ_GIS_QA/esce_catalog_test/final_test_results_for_production/eq_processed_vel/kr_drk_bhz_2015_12_07_07_50_05.sac,True
2024-01-22T18:09:04.000000Z,KZ,PDGK,BHZ,,40.0,51481,/data/sswar_files/PRJ_GIS_QA/esce_catalog_test/final_test_results_for_production/eq_processed_vel/kr_pdgk_bhz_2024_01_22_18_09_04.sac,True
2024-01-22T18:09:04.000000Z,KR,PRZ,BHZ,,50.0,63851,/data/sswar_files/PRJ_GIS_QA/esce_catalog_test/final_test_results_for_production/eq_processed_vel/kr_prz_bhz_2024_01_22_18_09_04.sac,True
2024-01-01T07:10:09.000000Z,PS,INU,BHZ,,20.0,25760,/data/sswar_files/PRJ_GIS_QA/esce_catalog_test/final_test_results_for_production/eq_processed_vel/ps_inu_bhz_2024_01_01_07_10_09.sac,True
2023-04-02T18:04:11.000000Z,PS,JAY,BHZ,,20.0,25920,/data/sswar_files/PRJ_GIS_QA/esce_catalog_test/final_test_results_for_production/eq_processed_vel/ps_jay_bhz_2023_04_02_18_04_11.sac,True
2010-04-04T22:40:43.000000Z,TA,113A,BHZ,,40.0,51161,/data/sswar_files/PRJ_GIS_QA/esce_catalog_test/final_test_results_for_production/eq_processed_vel/ta_113a_bhz_2010_04_04_22_40_43.sac,True
2010-04-04T22:40:43.000000Z,TA,X16A,BHZ,,40.0,52281,/data/sswar_files/PRJ_GIS_QA/esce_catalog_test/final_test_results_for_production/eq_processed_vel/ta_x16a_bhz_2010_04_04_22_40_43.sac,True
2010-04-04T22:40:43.000000Z,TA,Y12C,BHZ,,40.0,51280,/data/sswar_files/PRJ_GIS_QA/esce_catalog_test/final_test_results_for_production/eq_processed_vel/ta_y12c_bhz_2010_04_04_22_40_43.sac,True
2010-04-04T22:40:43.000000Z,TA,Z14A,BHZ,,40.0,51561,/data/sswar_files/PRJ_GIS_QA/esce_catalog_test/final_test_results_for_production/eq_processed_vel/ta_z14a_bhz_2010_04_04_22_40_43.sac,True
2019-07-06T03:19:53.000000Z,YB,MOJJ,BHZ,0.0,50.0,64150,/data/sswar_files/PRJ_GIS_QA/esce_catalog_test/final_test_results_for_production/eq_processed_vel/yb_mojj_bhz_2019_07_06_03_19_53.sac,True
2019-07-06T03:19:53.000000Z,YB,MOJK,BHZ,0.0,50.0,64150,/data/sswar_files/PRJ_GIS_QA/esce_catalog_test/final_test_results_for_production/eq_processed_vel/yb_mojk_bhz_2019_07_06_03_19_53.sac,True
2019-07-06T03:19:53.000000Z,YB,MOJM,BHZ,0.0,50.0,64151,/data/sswar_files/PRJ_GIS_QA/esce_catalog_test/final_test_results_for_production/eq_processed_vel/yb_mojm_bhz_2019_07_06_03_19_53.sac,True
2019-07-06T03:19:53.000000Z,YB,MOJP,BHZ,0.0,50.0,64200,/data/sswar_files/PRJ_GIS_QA/esce_catalog_test/final_test_results_for_production/eq_processed_vel/yb_mojp_bhz_2019_07_06_03_19_53.sac,True
2018-09-28T10:02:43.000000Z,YC,SBA8,BHZ,,50.0,65901,/data/sswar_files/PRJ_GIS_QA/esce_catalog_test/final_test_results_for_production/eq_processed_vel/yc_sba8_bhz_2018_09_28_10_02_43.sac,True
2018-09-28T10:02:43.000000Z,YC,SBA9,BHZ,,50.0,65801,/data/sswar_files/PRJ_GIS_QA/esce_catalog_test/final_test_results_for_production/eq_processed_vel/yc_sba9_bhz_2018_09_28_10_02_43.sac,True
